"url","img_src","year_make_model","price"
"https://www.ebay.com/itm/358045498532?itmmeta=01KD7AGEHD5NDSVP0X57X1A95F&hash=item535d2cbca4:g:smQAAeSwuWVpHlI0&itmprp=enc%3AAQAKAAAAwNHOg0D50eDiCdi%2FfP0r02tWVZJ%2FM2ReqqmTiH4iZsUCQrhOREh%2FLV2GBVadE09Gbk3NbaKqDntLPdmSrB%2FuFdc4mJBZZlOs9ejl5NDXS5M6jWoDfeiLXNomjY6UgpQZdMVw9q3eCIEvHfaIeD3i1I%2B82mYavC8%2FFKtCOkVnkFxhoH0URJMXaeThj4O74kmMk%2Fk%2FJr8k7O5L%2Fk%2BZcRt1XBVFGTi0Jtf3abwV8OkrlgSwAE4oJXvhi5Zj0O4TbYdr3w%3D%3D%7Ctkp%3ABk9SR_DowerpZg","https://i.ebayimg.com/images/g/smQAAeSwuWVpHlI0/s-l1600.webp","1965 AMC Rambler Marlin","$16,900.00"
"https://www.ebay.com/itm/257250113853?itmmeta=01KD7AGEHD8GGTP5J3C1JP4HDS&hash=item3be54d393d:g:NRMAAeSw~DRpNvns&itmprp=enc%3AAQAKAAAA4NHOg0D50eDiCdi%2FfP0r02uzHPMMiWytA6U8ClVSCb53DyIu5WmGCyqF2Oa3kktdOkEkOlgZs0CQ0v8SUWoYD6C0aYCDb2qne6Ed%2B1ZaWaoT7jV32DD43f389NFcAQNXC1IByQtw19E2vBThL3fM9fftcLRqVsra9mND2PLFUk7LUz8vn8wR3ZLC56QZiy3seavV0ZEpzIt0y2mrUwvsOXVdJQAcFNit0Oil%2FYrgUlQVHdUeieFePWosNLHWMwD5G8hsZmZFhYDAj2wbuRLf8s4iBq6dNEpmQHLKD%2FREwBwP%7Ctkp%3ABk9SR_DowerpZg","https://i.ebayimg.com/images/g/NRMAAeSw~DRpNvns/s-l1600.webp","1968 AMC AMX Javelin 343 V8 4 Speed Original","$27,500.00"
"https://www.ebay.com/itm/257270183131?itmmeta=01KD7AGEHD98SSZ6YAVCFAC0ZH&hash=item3be67f74db:g:AwsAAeSwRyxpSBbX&itmprp=enc%3AAQAKAAAAwNHOg0D50eDiCdi%2FfP0r02tj9pa00PthN%2BmhDTTCCN5JlXVa9T9%2BjMLbSybtTx8A0y%2BdASyMMijNZYKTiEb1w7Qhe0glfZIEIMCY5qgjIrNm3HE%2BqIU67PsM3q4XR4YCRgI6lVmtGVcPcJPd9xgenp7zoE2Bvq70W%2BedCXdhXgc4HCsxmTH1hZtqhMMi6ydfJXBkb%2FXw065M2K8xge%2FK%2FnNnfdA1gB%2FSkibwAZqQTkEExlZcOHRjqWY9tvFPB3KCfA%3D%3D%7Ctkp%3ABk9SR_DowerpZg","https://i.ebayimg.com/images/g/AwsAAeSwRyxpSBbX/s-l1600.webp","1969 AMC Javelin fastback","$9,500.00"
"https://www.ebay.com/itm/205940041550?itmmeta=01KD7AGEHDW6X544QQZ5F7CBP0&hash=item2ff2fba74e:g:M9gAAeSw46lpSVJn&itmprp=enc%3AAQAKAAAA4NHOg0D50eDiCdi%2FfP0r02tuX0lpbKbM%2F2KSD%2FQo0%2FLlh%2FWaspkR3IRboPXQgm6Hr%2FkLnFOf9yn2OblWvfFj%2FpoWKKnh9A3MKjWDFq0rik7uRorLqk5E2BFtXi1zNkXgLProBulye3%2FwOyZ8r0bqordvwRcECR6wxSxZNasG4%2Bs7nC01G4q6CvlnPKisYsRQNbgHEm0Cr7tFuRgyzVblc--zG1GjDejEZHaEmirGQr7OJlrVtQxWSJgkm4cQ0Gn0t2eOaioI1U0NbKRFOGYYiP5Depsp8udnGl9n3ig3tgWx%7Ctkp%3ABk9SR_DowerpZg","https://i.ebayimg.com/images/g/M9gAAeSw46lpSVJn/s-l1600.webp","1961 AMC Rambler Wagon","$1,000.00"
"https://www.ebay.com/itm/306664743528?itmmeta=01KD7AGEHDP9F6EP8FE0DXMP0K&hash=item4766a4a268:g:zBIAAeSwIl9pLiC9&itmprp=enc%3AAQAKAAAAwNHOg0D50eDiCdi%2FfP0r02vI73txRe0doV0O0gqCxhHS3F5Z4wVC8vlzKTZdY4vtBz4d%2Fw2gIahKdcTgzXwc6xMbSF594ZvU0hyO6rxW3L4xm66WhHjVjbtTWnNQNVhBhGq0QdxPZrS3aZ%2Fyrb7veG4A1PSOI4i%2BAedwY1rFyZlT%2Fz0Cy%2B28UwVHISWEOkaqH04t8ofLIJ6W3QWFCu1e%2Ba3GGylemcVA1jCXjziXmVITEEm8iyqmMsDhGQlnfMsTdA%3D%3D%7Ctkp%3ABk9SR_DowerpZg","https://i.ebayimg.com/images/g/zBIAAeSwIl9pLiC9/s-l1600.webp","1976 AMC Pacer chrome","$4,000.00"
"https://www.ebay.com/itm/236541471536?itmmeta=01KD7AGEHDGT3QM7B3WMPN37RH&hash=item3712f86b30:g:As8AAeSwTXVpIOFs&itmprp=enc%3AAQAKAAAA4NHOg0D50eDiCdi%2FfP0r02vr34PgefshDClXC5krGRL2%2BO1krt0tCK0oLYNu8QJFI9mFf6w2fygwpGQm0GuqakzomjLmp36n9ZeHQ51fS0l%2Bi72Z%2FMVq7lvDQMfdgoRlhLsJg8wg0AJF8t7HPwUVscHBdDSfN5YuIS3WYqVTF6dfZ1M00hygX6tNYNwW8BoNKapJcHwB7nwL6FfSgAWPaKF6mMHfNxz8EcA2cz3HNrkDjQx0V%2BYVubMavnL4mBiU0UO6KfYWvnVxqftrY3QQyRP%2Fv0u%2FCz4sPuSOLyy4vI1p%7Ctkp%3ABk9SR_DowerpZg","https://i.ebayimg.com/images/g/As8AAeSwTXVpIOFs/s-l1600.webp","1969 AMC Javelin V8 Automatic PS PB Buckets 35,137 Actual Miles","$15,000.00"
"https://www.ebay.com/itm/157513491330?itmmeta=01KD7AGEHDZHYTYWPN7RGE3G9M&hash=item24ac892382:g:q0gAAeSwWuBpLJDy&itmprp=enc%3AAQAKAAAAwNHOg0D50eDiCdi%2FfP0r02u1xoAS2AfivrRuC856N772pskb5PW441mA75IoWo09swW9%2BtHg76E7pwPnXIwqXe6Io0q7be98oLwZTA1yxyFtusUeFbgl%2FsrCJ2rVTUrk0tbZWfnQ1v5eQkZ7yoAq0pdGz1B7A2tRPUi5EYr2s6W2Ct1XWAGXYtPdiVjr6abeaW8VZU8bfKkHnuKsOOxmYJrxLYHT9aZBe2OwTF6fmHWMLB92kfZUNeejJsoIMM51NA%3D%3D%7Ctkp%3ABk9SR_DowerpZg","https://i.ebayimg.com/images/g/q0gAAeSwWuBpLJDy/s-l1600.webp","1969 AMC AMX - Go Pack 390 4spd - 50 Year Ownership","$39,900.00"
"https://www.ebay.com/itm/357980731120?itmmeta=01KD7AGEHD3Q9S6JNBEQP8JRPY&hash=item53595076f0:g:TCgAAeSwjOZpMPTi&itmprp=enc%3AAQAKAAAAwNHOg0D50eDiCdi%2FfP0r02uQmvQc9SB3fH9jijT8Kk7aKChhNRYBxQ3ihI6kWe9IdMWU8EU0YJ9oSb%2BgXsZ3qVkehCrkcN1YTyYR7vaoNysw6ovHhBHOb5sBuGlJu7Cpo0FbA3NuyAu9GCdKRSEHqFUQyzgT5c4a3BMpDvRe2kGPp6YJLfILiKExVjfRDiXJrNwy23J7OYzrL%2F7bHzy9uDIk9joY%2FOvDbjaj4cyFAKoiikdt8am--QroFZ6bn3guBA%3D%3D%7Ctkp%3ABk9SR_DowerpZg","https://i.ebayimg.com/images/g/TCgAAeSwjOZpMPTi/s-l1600.webp","1975 AMC Pacer","$19,600.00"
"https://www.ebay.com/itm/147050060375?itmmeta=01KD7AGEHD1NDPYYP242W1BSEB&hash=item223cddda57:g:gtgAAeSwgAhodQVx&itmprp=enc%3AAQAKAAAAwNHOg0D50eDiCdi%2FfP0r02u%2FI2bBc4bbEO9vPyz4yC1pgYkaOPsHfuz%2Fs%2BwMHGr9avivZZEgMP880hUPL0j9VVFFGv%2FjN4kqDIDBySJPLwSN8F2J6482iJj1ZPnQPMtsJizxIXT75RMACoUvr%2Bm2%2BGfjn%2BhpFQUnwxQKx3%2BXy8d299eFzJIb35FcF2sBTge%2F1aUPWeWynHs9fZSqrHjQrIRY9KdIGRzJGcTTm5zJ5d%2FwiZCQ7Y%2B0b1hBUjwv6mjm9Q%3D%3D%7Ctkp%3ABk9SR_DowerpZg","https://i.ebayimg.com/images/g/gtgAAeSwgAhodQVx/s-l1600.webp","1968 AMC AMX","$41,900.00"
"https://www.ebay.com/itm/227134548894?itmmeta=01KD7AGEHDG674TBHWADHC8QF6&hash=item34e2462b9e:g:Mq4AAeSwIehpACZM&itmprp=enc%3AAQAKAAAA4NHOg0D50eDiCdi%2FfP0r02s8t%2BzFRdCjCS%2Bh8K7TuJ7VzQqazPqGTg2rv6VhVpDXRy8NBGFD1Og4ghEurCBh%2FTqdaa%2BRxdWOP4Li3QXw7%2FANSEHgXp6Szgxtq0P75VG5iQUHLk%2FfBN%2FhM0i6GfW8tY3DIh6%2FSjGx7PfFD4j3ix55O%2B%2BDEKfoqMTcUjMgWujAhPt6qNeRXgxNuHBKCZsCYIToucnEGebBw88SURnTUympKcf3fgKm1YxkACONOl3mxnxP0LoyLhIDw%2BgQvrpBT94qSwaweXbx6pTSgNpN09SV%7Ctkp%3ABk9SR_DowerpZg","https://i.ebayimg.com/images/g/Mq4AAeSwIehpACZM/s-l1600.webp","1962 AMC Rambler Convertible","$1,495.00"
"https://www.ebay.com/itm/336321536102?itmmeta=01KD7AGEHDNH3YBFFK232AZP98&hash=item4e4e536066:g:q3oAAeSwvxhpLMUB&itmprp=enc%3AAQAKAAAA4NHOg0D50eDiCdi%2FfP0r02s4tc4SK32Ix6n8UGtzmA%2BOE88IjN9r0UEs3rfN5AZOtB2zGQDuiYIFg082xpEouwf9xs9UEeUpt51ZPswj1vLuRWpQ3gp9wDhx8rWr%2FwYwvQpCuSwbgh9ycoKEimVlDVZw9u%2F%2BnurJCvUw3b1RJteOdLqiyur06rsvx5Rwapf87Vo0K9ECT3ZT8lfsUyFGj13Ns7pKZ31rpaC6wtxFVh%2BDfn%2FV1yfu37RQ0TdJIAHCwiCI62IXM9i3LTr%2FafvAmhIZJAsddADbutlDt4SMzMGE%7Ctkp%3ABk9SR_DowerpZg","https://i.ebayimg.com/images/g/q3oAAeSwvxhpLMUB/s-l1600.webp","1970 AMC AMX","$49,900.00"
"https://www.ebay.com/itm/336311543778?itmmeta=01KD7AGEHD3KGZ4M1S900EFYRR&hash=item4e4dbae7e2:g:0rMAAeSwWUdo0vJX&itmprp=enc%3AAQAKAAAA4NHOg0D50eDiCdi%2FfP0r02smV5y7k0SRZOlWpbXPSsf8HM6XPKMD07hh3GXlDi9phJdRJ7%2BiJp0w%2B1002g5dxtzyqYnSrHUGleN6XWrpHZcGZkq72T7ypsl89dhau%2BA%2BWsRCN3SIginHB8PN2bslSLFe0NvhwVJarW3IYWIAROMSVuskFz49xqIn2HAyptoUJtcMXIcDDpLFk9ekfbmQUjdMFxoy5IEOnZJlqzHnW7eO0SdZoJ99QjmP3PW613uYSZzPLHnj0Rls2lVFlWBeGqConwque%2F7Sq%2BpQxYKuOFws%7Ctkp%3ABk9SR_DowerpZg","https://i.ebayimg.com/images/g/0rMAAeSwWUdo0vJX/s-l1600.webp","1974 AMC Hornet Sportabout Wagon | Clean | 90+ HD Pictures","$17,995.00"
"https://www.ebay.com/itm/397403992858?itmmeta=01KD7AGEHDEJ1YAKR6W1PCXGKD&hash=item5c871fb31a:g:rWkAAeSwIfxpOjjk&itmprp=enc%3AAQAKAAAAwNHOg0D50eDiCdi%2FfP0r02tJYI9MWKgkWvb5ezutQokG%2F2mazsxK91OSovw8DHqvSZSgN4YxFyub7TbRkmigVTkuNPJ6sN5kn7uVtlCcaQ0GyZzV8I3bN7c2QzyQVpPzwOS7D%2F9xIx4reVyoq98y38D8RiMJIKACqw8BmcG9MnafQ73O3iyIepUECuGZVlytQcmJQaFtNEhDIzun16URS6y6oOtOtrd9hiabpzJj8pGfrjxECElSFmMGlhYBO82rzw%3D%3D%7Ctkp%3ABk9SR_DowerpZg","https://i.ebayimg.com/images/g/rWkAAeSwIfxpOjjk/s-l1600.webp","1969 AMC AMX 390 V8, 4-Speed","$18,600.00"
"https://www.ebay.com/itm/187863781506?itmmeta=01KD7AGEHD4ZXQG4CZ3S16QWJG&hash=item2bbd8dd082:g:2-QAAOSwrOBmLtJc&itmprp=enc%3AAQAKAAAA4NHOg0D50eDiCdi%2FfP0r02tbAU29pdecEmZlcOTqQSs0aPvxxfMzVDtuZok%2FXbLu7FSGls3%2FSQZDDCFRpjcVRjRjLSFE6J7Q%2BAdA4%2BWW4098OKQ8SxV5IRaExk%2Bfuib3QYWOSoGDuEtsZbVyA8JDpuaFYN4e9HfQ1a%2FvMVDDeuXTrXpQdC3YDATfgPe5756LW7U6R6xWlidKFlASlwTw%2FhJi4auhYFyr02GFxtsjkR1vudxYAAI48UKu2XMPkHBNPzLGHTiXcnU2ZAcvBENF1Sh8mraOL6TijBrkah2KDunt%7Ctkp%3ABk9SR_DowerpZg","https://i.ebayimg.com/images/g/2-QAAOSwrOBmLtJc/s-l1600.webp","1963 AMC Rambler","$25,000.00"
"https://www.ebay.com/itm/147008019326?itmmeta=01KD7AGEHDS5GGX1VJSDH4FNRH&hash=item223a5c5b7e:g:tI8AAeSw9OlpO3gz&itmprp=enc%3AAQAKAAAA4NHOg0D50eDiCdi%2FfP0r02s5HnVuM0Xxsz%2FyB4JcV72ruhj2Yf2MGyI62FBz8X8LV0gW7kVvPK8UV3TLQJLqgYGphRI%2BHKuamLRrSwMwSL4QOT9LncHzxPiOOF6Oa9KJm1QuQyKFuBWFqAb4M9618U%2FNV37LipCTILyEonX7%2FOCrik5E6GkGHhQihgfeo0AoDNu%2BJokMg7QwtaVdno1rqp6XGUGbB9G9K0Qi3Ohe5D3gcbu4%2FEOv%2FELTQ0MhRzPYdtddYZO0WI72nQ4jBWQu1lyYBV0WvPjzLDmxjKbM0hil%7Ctkp%3ABk9SR_DowerpZg","https://i.ebayimg.com/images/g/tI8AAeSw9OlpO3gz/s-l1600.webp","1987 AMC Eagle Wagon","$12,900.00"
"https://www.ebay.com/itm/147012710601?itmmeta=01KD7AGEHDFQ6B1ZCK4W093CSJ&hash=item223aa3f0c9:g:S4YAAeSwFJJpO3TB&itmprp=enc%3AAQAKAAAAwNHOg0D50eDiCdi%2FfP0r02vQWOuG%2FVZ2yPxSI1hgrBw3P3VD4mAQ1yerfFBLkhLDjaegkX7A%2BWXKzaA77RLVqRsSsNRrbB%2BDa%2FLot2rv7plMEVNFCWvrte0%2Bxeqfeo3PSkeFGr9haLrgt0U%2B5IpdkZ6chw1CywT0YFwLy4j%2BPNfLLq1vRE5h6iANcI9fAQYTTN%2FlWlCO7eXuR7fXpe0lFzoENBtV6vmfJbN4k%2BUtPjZN2%2FCplOMHr%2BAcWMk29nTUEA%3D%3D%7Ctkp%3ABk9SR_DowerpZg","https://i.ebayimg.com/images/g/S4YAAeSwFJJpO3TB/s-l1600.webp","1959 AMC Rambler American","$17,900.00"
"https://www.ebay.com/itm/168004850998?itmmeta=01KD7AGEHDR2X38V49TVY8A68E&hash=item271dde9536:g:W-UAAeSwknRorlXb&itmprp=enc%3AAQAKAAAA4NHOg0D50eDiCdi%2FfP0r02s6VSAlNy9q%2BlTBB3jKZMoudepcuBRwDH07NAY%2BVQk4808V7ycodt9rXwZAmEB7F0dLrHqgQ9YdMzSYHuIBhfIrbTrGhg5Dn%2B7%2FPrUqYlEGqQuAMkV9ynMBfft1IqQ212fQTtHeHyvxOCNClbRXhult4dvMAH3uG2KJfZJ5mNE3u6z8L183NUVzkEeeZose7KtYS9QPlAz%2B5Es9%2Blbqf%2FSi44WMF7v6Fe8TZhw%2FCfysSfGVq0KJHVY3KkwoNUk%2FUkcIRny2SJQN%2FmjWPOaCFG3S%7Ctkp%3ABk9SR_DowerpZg","https://i.ebayimg.com/images/g/W-UAAeSwknRorlXb/s-l1600.webp","1970 AMC AMX","$46,000.00"
"https://www.ebay.com/itm/227131016703?itmmeta=01KD7AGEHDQSK3KD5JE9C3QVV2&hash=item34e21045ff:g:Pm0AAeSwzktpPiQW&itmprp=enc%3AAQAKAAAAwNHOg0D50eDiCdi%2FfP0r02vAHwO8HVXNFIcC694Xoz6klu5hA7S7hwq85pnpYEIWk1OZpao6Dm%2BzWhxn5Wf9rjVoKR4nwBX2yvonQKKrI%2FnyZBKG5O%2BXLeeGsCJxAPxyC1bHhrlHrngtXKpvIlaDNzqM9GLyuqbGE7s%2BiXFCklBCKMWNUHE4Uaw8gjowwyalgf5vCExb%2BV6B%2FNZFt%2FUoEW3SFO9mUjfrd5q1W3qZDN1cRd7HuRprMMD8ttE4EMsetQ%3D%3D%7Ctkp%3ABk9SR_LowerpZg","https://i.ebayimg.com/images/g/Pm0AAeSwzktpPiQW/s-l1600.webp","1976 AMC Pacer X","$34,988.00"
"https://www.ebay.com/itm/177643255359?itmmeta=01KD7AGEHEP81VWQ5TRT0RB1JE&hash=item295c5cf63f:g:6gAAAeSwzwxo6TeN&itmprp=enc%3AAQAKAAAAwNHOg0D50eDiCdi%2FfP0r02uqDtLaD0XrZCktw262RHUqW3L8R9mxLNtiR%2Fj7pzQSsGjJKkxQl%2BzNCZJqoDFG%2BeX3L9l2ICqmIpkZvZs813V0YAmQ5beEUnPEUMeHWKOudYKj0tPskUQcA1ciuKPtHtgllRixE0ID8%2FrIAPa63neCj5QdcOm1KT99GqxUs8gNU3DR4ftYWQjqETcZw%2FSt73Mh6zFxW2TVYfkAiqXk1S%2BhGfhJMXoaybcDLQQhO0s%2BZA%3D%3D%7Ctkp%3ABk9SR_LowerpZg","https://i.ebayimg.com/images/g/6gAAAeSwzwxo6TeN/s-l1600.webp","1974 AMC Hornet","$22,900.00"
"https://www.ebay.com/itm/147027730687?itmmeta=01KD7AGEHEAYVQ5NZ5Y95133T7&hash=item223b8920ff:g:rsUAAeSwsoNpPMJ4&itmprp=enc%3AAQAKAAAA4NHOg0D50eDiCdi%2FfP0r02tFCiXIwRRnuEuHcEpATW%2FYz2S0qRtV5JCk2QWiodRXs6Na%2FMttUfHqiqp74Mrv%2BiF9JJQz3KPJLBhr1hQiaFWGJ7ZXNjf8B4rI7MoiVPa348NyPfBlAmGxroOxStMglFSsZVHBuRDIKsUTlipCBA9hDcOngdJnN1h7o0YLfgzejbxnngmukCSjzzdp6NxUC0KVj3fWnd2G0bAw2iiPaGXlPLLP6dE2u5j2GS%2B3%2Bt59e6r%2FH7ZLfZFi0KLvQtTGH2LV9FQzEU5F70R01JbIfUTy%7Ctkp%3ABk9SR_LowerpZg","https://i.ebayimg.com/images/g/rsUAAeSwsoNpPMJ4/s-l1600.webp","1969 AMC Javelin SST","$36,900.00"
"https://www.ebay.com/itm/397371221741?itmmeta=01KD7AGEHEN9N60TRF2465MYZJ&hash=item5c852ba6ed:g:bWsAAeSwskhpNw-n&itmprp=enc%3AAQAKAAAAwNHOg0D50eDiCdi%2FfP0r02vtqpCCTixnJGvtYP49y7RdAhZ4Aw6YU7lCkS8%2FUImMHgaSlQMwcBe3N5QCcJLx9pOGtRH2S0DfPffoCMgiV5eOd6kQwH%2B4H68%2BMYa8cM9Jsmkah8Siyvzg4GCPQsOviiDb66%2BiChnZ8eD999Riny4tWC90HymXiAeSHYrQw385NdEG3gx2UlgSg9g8C3%2B55uXIiJ01h%2BxNAMDErboUZfWy2xiMyAvhgBld7gxVTzY6iw%3D%3D%7Ctkp%3ABk9SR_LowerpZg","https://i.ebayimg.com/images/g/bWsAAeSwskhpNw-n/s-l1600.webp","1959 AMC Rambler","$13,900.00"
"https://www.ebay.com/itm/357998772756?itmmeta=01KD7AGEHEGATM4Z2N9TAGP00F&hash=item535a63c214:g:44EAAeSw6g5pN3rQ&itmprp=enc%3AAQAKAAAAwNHOg0D50eDiCdi%2FfP0r02vGwE0VuAC1ecwgTunweLwdfAW4f0YmQMObMCOEefJHh3fJiYljVbq7%2FgYC5uegYGOxKe%2Fw9Vb9zQSO7cjM497%2BOtSxUAweR82Mw47PQzHcAq%2BZ9bC1muc8mpA6lBMKdtxF6O978m1gplv9NE9cbi74FqcrD7htD%2BV6Da3dGFvWM391yclbg3kpSPG%2BJ4imb65WuzzaQ5zEsAt54UHecJSkUP%2Bq%2BWgXh%2FLQMtgcaYb2xg%3D%3D%7Ctkp%3ABk9SR_LowerpZg","https://i.ebayimg.com/images/g/44EAAeSw6g5pN3rQ/s-l1600.webp","1964 AMC Rambler Classic","$35,000.00"
"https://www.ebay.com/itm/257269378209?itmmeta=01KD7AGEHE6P15TW6YR5GE6RW3&hash=item3be6732ca1:g:Yh4AAeSwNAVo99bl&itmprp=enc%3AAQAKAAAA4NHOg0D50eDiCdi%2FfP0r02sp7tLe2HWof%2BiwiUoGMY71EA3rQDhwjEgjcNMhAtp4b%2F8bUkjzVTzQTPQv21Zl6o8jwgkvCglA8qlX3xj5xfXG4iUtyBmBFLSnk8Yqq%2BQHJjFOIG%2FcYNhxwtdScNddhK3M%2BzZgwCUYP5uV%2Fb42nRhFbiDNU8YIj6yB%2FxsMu9urUw77bYHtfJWjLlhsInleVPdvlIfpPPNXJ69Bqzf4HwUhlYIH%2FyljcsgOZpb%2FwhYBr1VN6a2JJBUfldLHVxQu%2FpoZ2YYl%2Bj3WizQEIgS%2Fzdc2%7Ctkp%3ABk9SR_LowerpZg","https://i.ebayimg.com/images/g/Yh4AAeSwNAVo99bl/s-l1600.webp","1958 AMC Rambler American","$14,999.00"
"https://www.ebay.com/itm/397316377298?itmmeta=01KD7AGEHE9TEPVNKM9CPFA443&hash=item5c81e6cad2:g:wBoAAeSwwWFpJOB5&itmprp=enc%3AAQAKAAAA4NHOg0D50eDiCdi%2FfP0r02uXs05A05u%2Fx3qcg2SMmem1qLU94baEEA%2FD%2FLA%2B6zZIlsN%2BIvI%2BNREUUEC1ouan%2BQMgT5rJdnrnDkZ4ryhnZIqWA%2FUY4tgKqUyUZLaxdYfZeKKXrXVXfqeVEMJnjqHFYhDLZQIopkJnjS%2B3cWdCEWIQj6MCsUmIEeURbLIgiyufVQ3XhKUJQ%2FBl9O2T00PeWgQYNbUu97kqqfx%2BX8heEcUTCzkRfn3vIyb%2BNuhmvL2%2FjN5NcOJJ08yAGW4chbGkPwtbctih5MbMPj%2BjdFmMTrZM%7Ctkp%3ABk9SR_LowerpZg","https://i.ebayimg.com/images/g/wBoAAeSwwWFpJOB5/s-l1600.webp","1984 AMC Eagle","$11,900.00"
"https://www.ebay.com/itm/277541611723?itmmeta=01KD7AGEHEWBRQM8KWKS8QQANM&hash=item409ec4e8cb:g:pQYAAeSwXZ9pKqaA&itmprp=enc%3AAQAKAAAAwNHOg0D50eDiCdi%2FfP0r02safXLbNKnwQQ0sRZVhRUgU0HyapjXMFh77t7jo4s5uPXyoufodiAr25en7WdW6qhPIwpUpnmS1nVn2rmtKRh1dvmwzyzNIvipIjAlH1w7A59selVEhp08p2bTQDDC0aAHJ3zrQB15D%2BgVzM7tjggKt2yNv2jwG6Ua%2FUyoLc%2BYdVcqQx61HYwAEmjuAR03e6PO65q5GcWIGW4ksfGjsIBJR7CB%2BphqEQEdddT1eL29kgQ%3D%3D%7Ctkp%3ABk9SR_LowerpZg","https://i.ebayimg.com/images/g/pQYAAeSwXZ9pKqaA/s-l1600.webp","1964 AMC Rambler 1964 AMC RAMBLER AMERICAN 440 CONVERTIBLE","$16,500.00"
"https://www.ebay.com/itm/167999838516?itmmeta=01KD7AGEHEJ1WTC3DF8541QVT5&hash=item271d921934:g:wpgAAeSwdilpFSeU&itmprp=enc%3AAQAKAAAAwNHOg0D50eDiCdi%2FfP0r02s%2F39rYCs%2Bev3bSV183m9wg47yiqjTObvSUjCqWIoHMAE0ThrKeJjVzUY2JvjMhg%2Bll%2B5LB80KHGXXv3AqV6M1KOwowlyF592vAtPRMxp7UAQ4o137VrEWtGKo1DSzyF0q5C%2BokrkXGvMq5izIaaWsS4mn%2FXTimdZxqmBRw%2FtpB9T9k6tNkFGO%2Fiua3LmkXHEVqAG8mTiJHCVIOe7TXXrL%2BeJa3h5PSZkNYE%2BDPAPD95A%3D%3D%7Ctkp%3ABk9SR_LowerpZg","https://i.ebayimg.com/images/g/wpgAAeSwdilpFSeU/s-l1600.webp","1971 AMC Hornet SC/360 Tribute","$41,000.00"
"https://www.ebay.com/itm/127575371271?itmmeta=01KD7AGEHEA53G9HPNJJKJZQ1T&hash=item1db415ae07:i:127575371271&itmprp=enc%3AAQAKAAAA4NHOg0D50eDiCdi%2FfP0r02u98iyKa3eopXArppZSTSbGljCuSLsORyZ3S0bY9%2BiZ%2Flg1UYxwbfKVacv%2FHGU0FC%2FPpaLnI0b8joPfHnCDMBfwBKUZsPwHDa%2Bl9lQLYpOlyHGr%2BRCxfoEcTzkjXIaNmu4VvEkFCA4gPIwY6PE%2FnqN0N%2F5GtdOxw3mK5LLq6BeMIc9ZF%2BOsCVc%2Ba7Fw603e%2BX3NG5a9nzRSZlNSnc39aL%2BzBzopPz3RrDv%2BxFqIM0Xeqt0%2Ffq9ksH9PV5seH2A2nAh7HKNl17wJytoxnupCuMho%7Ctkp%3ABk9SR_LowerpZg","https://secureir.ebaystatic.com/pictures/aw/pics/stockimage1.jpg","1980 AMC Concord DL 2 Door Sedan","$10,000.00"
"https://www.ebay.com/itm/168008998812?itmmeta=01KD7AGEHEKK53AZFFN5XGXN5G&hash=item271e1ddf9c:g:t7cAAeSwWJJpQgOr&itmprp=enc%3AAQAKAAAAwNHOg0D50eDiCdi%2FfP0r02vyFaR50tfnDh1pXy%2BuLOIdU0LdNGMjPYRBYuYi0q%2BJTTDcB4yS3gQMlkbZDo6j6hQ41tl%2BvlgCX0rZx0YoU8VVF%2BVrKNxaRGo4MUNDTPiDGmUsm2pc0a87kNfFzCy28zwosTyH6PyuQjHibgUXRFUqe7%2F9GAIHnhNRZeEYseuPw%2FkY2zIZrnN%2F60US9mR5K%2F7lFAogD7MFNW%2FVTVFd5FkFyVWtneDO8Q%2FkcGuR8QYr6w%3D%3D%7Ctkp%3ABk9SR_LowerpZg","https://i.ebayimg.com/images/g/t7cAAeSwWJJpQgOr/s-l1600.webp","1962 AMC Rambler","$16,500.00"
"https://www.ebay.com/itm/177645259599?itmmeta=01KD7AGEHED7B3QDDEFGCY3FBT&hash=item295c7b8b4f:g:JzUAAeSwF7JpMc2U&itmprp=enc%3AAQAKAAAA4NHOg0D50eDiCdi%2FfP0r02s2vhjgHlVUWARqTcEL1MalFD5MNazXWhYXz6wFryWMwIVMCxtTi1TiuAzeVB%2F9TC9cRBhy%2F2Z%2BjuGZKqXbe%2BMTn0RI4xNW0z7G4qKPUA5KkKW6YpVDPFS%2FC34HqNfqeanAEmWx9IQDSX%2Bx8tLcrJU7kPIMU%2B7ZhhUGTHErDO5TOUAbImJhhq6t6rrDO9bsUKlacWvC3oQaIZAnpZPfwoTSmKWsRrvoF8z48k8nzfGZO7iQidkn4x%2BC%2Fm2H9H49i%2BHsOdQsme6TwK9otdW%2BqPau%7Ctkp%3ABk9SR_LowerpZg","https://i.ebayimg.com/images/g/JzUAAeSwF7JpMc2U/s-l1600.webp","1969 AMC AMX","$82,998.00"
"https://www.ebay.com/itm/397371218097?itmmeta=01KD7AGEHEHGJQNZ5XGE636QP9&hash=item5c852b98b1:g:GAEAAeSwvZ9pNw-H&itmprp=enc%3AAQAKAAAA4NHOg0D50eDiCdi%2FfP0r02tBiwRlHDfnVSMSfxoebr6p22zIuGumqeY9iFDVOuslYlemeBoQ1TlW7FHj%2BvvWuPe5n9qBZjFZ1pqBPhEm1fwFpMVaitcnlhjApK3ChwJGO4Qg7oc6VdUCpOxzjJoGfYh%2Bo%2Bz93BBiYrMItXY61TcjPNV5raLl6Mph7Qgwc%2FsatHg8NSwA4F44zc%2BmPTZvCnjgL6PsUVt6g9jd7HPr5BwMETbPbGtD4wAUJVrI4avdb3PPJvl1x8p%2Fbc%2FX9%2BshrMXLqEfNpMTFY3EWQbuFfk7e%7Ctkp%3ABk9SR_LowerpZg","https://i.ebayimg.com/images/g/GAEAAeSwvZ9pNw-H/s-l1600.webp","1939 AMC Other","$24,900.00"
"https://www.ebay.com/itm/287015805542?itmmeta=01KD7AGEHEE61QETX4FNZSXC3J&hash=item42d379a266:g:VLIAAeSwAxFosQ8y&itmprp=enc%3AAQAKAAAAwNHOg0D50eDiCdi%2FfP0r02u1wUWbrPAUMIGRDg4HPdQrkQvue1xKp%2BjegktT127la7zZUCzaUUhXBuZ2gerRGoUkCUEVG7WQI6AEXmeOpDbOqkeo4hUuQz2QaHluc%2Be9LvWCxDZ8VNioY1JLRYQUA9vxDAsncj0kbf3HNB5VJ5oTWn%2BBoB56jQJNz2u%2FPSNXC%2BwkxcqhS24lNkZkEHYXVe7VcOMvbzU9gTqXf3HCAPo3282I3PrN9YrRPKQb7ProDg%3D%3D%7Ctkp%3ABk9SR_LowerpZg","https://i.ebayimg.com/images/g/VLIAAeSwAxFosQ8y/s-l1600.webp","1963 AMC Rambler Classic 550","$16,995.00"
"https://www.ebay.com/itm/167956507735?itmmeta=01KD7AGEHE2MWA6M8S8FQXDY70&hash=item271afcec57:g:L~sAAeSwuClonS-6&itmprp=enc%3AAQAKAAAAwNHOg0D50eDiCdi%2FfP0r02veltylRBGfd6YPymN2GsDKZzCDhjHWCW6uE6w1nx9tLjm11ucFOg8%2FctyzjSGSvd8oaCdEf2NTh1N%2Fj8fjNayBxrusymIE5v4AvSF%2BScUiDIba0FatbelZIY5SOuoPqHBSGy0kNARRZVs7bOYpzc6dJo9W%2FnhdzmxMabUhN8CMEesmVBFwkatRDt3ehM%2BXCYRRUqv8hiPe9WIsUulLKszCjJdYDGQpEMRHiFARulX6Ow%3D%3D%7Ctkp%3ABk9SR_LowerpZg","https://i.ebayimg.com/images/g/L~sAAeSwuClonS-6/s-l1600.webp","1973 AMC Gremlin","$20,000.00"
"https://www.ebay.com/itm/167978817577?itmmeta=01KD7AGEHEJERD12CKB1YPN914&hash=item271c515829:g:4cYAAeSwWgZoui3v&itmprp=enc%3AAQAKAAAA4NHOg0D50eDiCdi%2FfP0r02tCPW1oa1ooOYZBeTqUNYb8yzz02Q5IOPSiB12Z9TMFZoAFOcrOnhCatrw6Rd0P5IF1SCJ%2FSzhFaDTOLwpUFd4lblHmDd6POX1IUCCDTfAynT4rud8zCDUYxIjsV464NksfVRonFDnrqan50IU90aJD9Afs1VS6WPGvODWBVOdZbYuKI1aIZIgYJUc3UlmV0gcpUuRbsYI3NaK1CJO1DS6x3dbym4i5Vqf4KlI0gEcVe%2F2vv2Yb%2Fs7P7VHX%2BGOTzVbln%2BqGab8Sn7CcOxNPJ0ov%7Ctkp%3ABk9SR_LowerpZg","https://i.ebayimg.com/images/g/4cYAAeSwWgZoui3v/s-l1600.webp","1968 AMC Javelin","$27,000.00"
"https://www.ebay.com/itm/127545561682?itmmeta=01KD7AGEHECVMEK4SR78S44G4V&hash=item1db24ed252:g:8hUAAeSwWORpONKI&itmprp=enc%3AAQAKAAAA4NHOg0D50eDiCdi%2FfP0r02v%2FeliztGOWOVcPUtzKdSVjYdP8IEMAqxMduUzCX7CoPFqKz6f5xdJVsbe%2BVD4F92ChwpE7GzqZaNCw2wYnVU6eMHJQn2lmUcX5t6YDwbqEgHIhRjramYv4l4TUSNWskREICh4zpjRfGrl29J73s60oaX%2B6tjAfJyhCxt3g3bKm%2FF%2FhqyrjNfLNG96am%2BpwAruDSAlpfChiKfiZqeJkXDLPprBKp5myAvmsT7Xg4bPmN%2Bj%2Fo1y7NHOMhWeUCtWVzE0LYgUTnbYqeA9Jrms%2BTLPe%7Ctkp%3ABk9SR_LowerpZg","https://i.ebayimg.com/images/g/8hUAAeSwWORpONKI/s-l1600.webp","1979 AMC Spirit Hatchback","$29,000.00"
"https://www.ebay.com/itm/277541590311?itmmeta=01KD7AGEHEMBGMCMQ1Z5P14B32&hash=item409ec49527:g:1ucAAeSwOZ9pKqUO&itmprp=enc%3AAQAKAAAAwNHOg0D50eDiCdi%2FfP0r02tIFpwXdB8JVG5BYBo106cBJCEJ6NZBiDXh7TTJ1%2FJxwYM%2FsNhgHnjT%2FGalZ2t1zbCYQJO56ySBS4F%2BN5Or1Bk9CyIe6Dfse4lmR1aJAFlzY5NMDThXkn%2FXXWDEMqPEjJ34yCyM3hcP7I9vh4ufj1jIuh%2BfbGCQ1mHIzN%2BCfkOSX8CzqQfXH896l5voRb5q9pD7BQjmfD8DTBZN2ap6nfTH%2FQ0b4RlpKkfdBXQGY237Zw%3D%3D%7Ctkp%3ABk9SR_LowerpZg","https://i.ebayimg.com/images/g/1ucAAeSwOZ9pKqUO/s-l1600.webp","1979 AMC AMX Turbo 400 Auto, Moser Ford 9‚Äù Rear End, Garage Kept","$34,000.00"