"Link_root__9Sxss","Link_root__9Sxss href"
"2002 Subaru Impreza WRX","https://www.pistonheads.com/buy/auction/19612243"
"2002 Porsche Boxster Manual (986)","https://www.pistonheads.com/buy/auction/19592121"
"Sell for free","https://www.pistonheads.com/sell/auctions?utm_campaign=sellads&utm_source=pistonheads"
"2011 Porsche Panamera 4 V6 PDK","https://www.pistonheads.com/buy/auction/19592126"
"2007 Porsche Cayman (987) Manual","https://www.pistonheads.com/buy/auction/19607111"
"2017 Lexus RCF 500","https://www.pistonheads.com/buy/auction/19601749"
"2010 Lotus Evora","https://www.pistonheads.com/buy/auction/19602897"
"2008 Mazda MX-5 Niseko (NC)","https://www.pistonheads.com/buy/auction/19593776"
"2000 Porsche 911 Carrera 2 (996) Manual","https://www.pistonheads.com/buy/auction/19468766"
"2005 Renaultsport Clio 182 Full Fat","https://www.pistonheads.com/buy/auction/19567143"
"2004 BMW M3 Convertible (E46) Manual","https://www.pistonheads.com/buy/auction/19567140"
"2002 Renault Clio V6 (Phase 1)","https://www.pistonheads.com/buy/auction/19566291"
"1990 Glenfrome Portway Range Rover","https://www.pistonheads.com/buy/auction/19567141"
"2005 Renaultsport Clio 182 Trophy * 1 owner, 10k miles *","https://www.pistonheads.com/buy/auction/19547810"
"2013 Aston Martin Vantage Roadster S 4.7 Sportshift II","https://www.pistonheads.com/buy/auction/19547813"
"2004 Audi RS6 Avant","https://www.pistonheads.com/buy/auction/19553466"
"2007 BMW M5 (E60)","https://www.pistonheads.com/buy/auction/19445893"
"2005 Renaultsport Clio 182 Full Fat","https://www.pistonheads.com/buy/auction/19547817"
"2019 Porsche Boxster 718","https://www.pistonheads.com/buy/auction/19545828"
"1996 TVR Chimaera 400","https://www.pistonheads.com/buy/auction/19545819"
"2006 Bentley Continental GT W12","https://www.pistonheads.com/buy/auction/19528562"
"2004 Alpina B3S Convertible (E46)","https://www.pistonheads.com/buy/auction/19536421"
"1995 Porsche 911 Carrera 4 Cabriolet (993) Manual","https://www.pistonheads.com/buy/auction/19505661"
"2014 Bentley Continental W12 GT Speed","https://www.pistonheads.com/buy/auction/19534924"
"2011 Volkswagen Golf R  (Mk6) DSG","https://www.pistonheads.com/buy/auction/19518198"
"2012 Mazda MX-5 Kuro Edition BBR GTi Turbo Conversion","https://www.pistonheads.com/buy/auction/19518348"
"2002 Porsche 911 Carrera 4 Cabriolet (996) Manual","https://www.pistonheads.com/buy/auction/19499839"
"2005 Porsche 911 Cabriolet (997) Manual","https://www.pistonheads.com/buy/auction/19383949"
"2001 BMW Z3 M Coupe (S54)","https://www.pistonheads.com/buy/auction/19452207"
"2005 Aston Martin Vantage Coupe","https://www.pistonheads.com/buy/auction/19309610"
"1998 Rover Mini Cooper","https://www.pistonheads.com/buy/auction/19452179"
"1998 Honda Integra Type R (DC2)","https://www.pistonheads.com/buy/auction/19461922"
"2008 Mini Cooper S JCW","https://www.pistonheads.com/buy/auction/19461924"
"2006 Land Rover Defender 110 TD5 XS £60k of modifications","https://www.pistonheads.com/buy/auction/19447752"
"2019 Porsche 911 Carrera S Cabriolet (992)","https://www.pistonheads.com/buy/auction/19452165"
"2011 Jaguar XK Coupe","https://www.pistonheads.com/buy/auction/19419150"
"2017 Ford Focus RS","https://www.pistonheads.com/buy/auction/19445926"
"1990 Porsche 911 - 993 GT2 RS Evocation","https://www.pistonheads.com/buy/auction/19232874"
"2003 Volvo V70R","https://www.pistonheads.com/buy/auction/19398680"
"2010 Jaguar XFR","https://www.pistonheads.com/buy/auction/19395760"
"2004 Lotus Exige S2 Premium Race with Cup Upgrades","https://www.pistonheads.com/buy/auction/19260454"
"1989 Porsche 928 GT","https://www.pistonheads.com/buy/auction/19291841"
"2001 Porsche 911 Carrera 4 Cabriolet (996)","https://www.pistonheads.com/buy/auction/19400223"
"2007 Porsche Boxster S (987)","https://www.pistonheads.com/buy/auction/19395747"
"2007 Porsche 911 Targa 4 Manual (997)","https://www.pistonheads.com/buy/auction/19398690"
"2011 Porsche Cayman 987 - Manual","https://www.pistonheads.com/buy/auction/19395042"
"2001 BMW M5 (E39)","https://www.pistonheads.com/buy/auction/19395047"
"Audi RS6 Avant (C6) V10 Twin Turbo","https://www.pistonheads.com/buy/auction/19367149"
"2015 BMW M3 (F80) Manual","https://www.pistonheads.com/buy/auction/19258592"
"2005 Ferrari F430 Spider","https://www.pistonheads.com/buy/auction/19362375"
"2021 Toyota GR Yaris Circuit Pack","https://www.pistonheads.com/buy/auction/19366613"
"2004 Dodge Neon SRT-4","https://www.pistonheads.com/buy/auction/19351584"
"2019 Renault Megane RS280","https://www.pistonheads.com/buy/auction/19362377"
"2004 Mini Cooper S by HRRCC","https://www.pistonheads.com/buy/auction/19365453"
"2004 Porsche Boxster S 550 Spyder","https://www.pistonheads.com/buy/auction/19366616"
"2002 Porsche 911 Turbo Manual (996)","https://www.pistonheads.com/buy/auction/19187596"
"2017 Ford Fiesta ST200","https://www.pistonheads.com/buy/auction/19361316"
"1989 BMW 318i Touring (E30) Manual","https://www.pistonheads.com/buy/auction/19345073"
"2005 Caterham Seven CSR 260","https://www.pistonheads.com/buy/auction/19345061"
"2010 Mazda MX-5 Mk3 BBR GTI Stage 2 Supercharger","https://www.pistonheads.com/buy/auction/19342801"
"2001 TVR Tuscan Speed Six","https://www.pistonheads.com/buy/auction/19343632"
"1988 Mini Mayfair","https://www.pistonheads.com/buy/auction/19326922"
"2006 Volkswagen Golf GTI - PH Project Car","https://www.pistonheads.com/buy/auction/19331285"
"2003 Ferrari 575M Maranello Fiorano Handling Pack","https://www.pistonheads.com/buy/auction/19326918"
"2013 Mercedes-Benz SL63 AMG","https://www.pistonheads.com/buy/auction/19315651"
"2014 Audi RS4 Avant (B8)","https://www.pistonheads.com/buy/auction/19301487"
"2005 Vauxhall Monaro","https://www.pistonheads.com/buy/auction/19296040"
"2002 Lotus Elise S2 Sport 135","https://www.pistonheads.com/buy/auction/19297118"
"2000 TVR Cerbera","https://www.pistonheads.com/buy/auction/19297797"
"2007 Volkswagen Golf GTI (Mk5) Edition 30 Manual","https://www.pistonheads.com/buy/auction/19292570"
"2008 BMW M5 Touring (E61)","https://www.pistonheads.com/buy/auction/19292580"
"1989 Maserati Karif","https://www.pistonheads.com/buy/auction/19212939"
"2021 Morgan Three Wheeler","https://www.pistonheads.com/buy/auction/19278851"
"1988 Peugeot 205 GTI 1.6","https://www.pistonheads.com/buy/auction/19265466"
"1990 Renault 5 GT Turbo","https://www.pistonheads.com/buy/auction/19278095"
"1993 Alpine A610 Turbo","https://www.pistonheads.com/buy/auction/19267600"
"1991 Jaguar XJS V12","https://www.pistonheads.com/buy/auction/19136920"
"2012 Aston Martin V8 Vantage S","https://www.pistonheads.com/buy/auction/18986009"
"2008 BMW M3 (E93)","https://www.pistonheads.com/buy/auction/19111062"
"1996 Porsche 911 Convertible (993) Manual","https://www.pistonheads.com/buy/auction/19260449"
"1995 Ford RS200 Replica (Impreza-based)","https://www.pistonheads.com/buy/auction/19100608"
"2014 BMW M6 Convertible Competition - One Owner","https://www.pistonheads.com/buy/auction/19260457"
"2021 Toyota GR Yaris Circuit Pack","https://www.pistonheads.com/buy/auction/19254821"
"2006 BMW M3 Cabriolet (E46) SMG","https://www.pistonheads.com/buy/auction/19241642"
"2000 Porsche Boxster (986) 2.7 Manual","https://www.pistonheads.com/buy/auction/19258581"
"2017 Overfinch Range Rover SDV8","https://www.pistonheads.com/buy/auction/19241631"
"2013 Land Rover Defender 90 - Two Owners","https://www.pistonheads.com/buy/auction/19235429"
"2005 BMW M5 (E60) - still with BMW Manufacturer Warranty","https://www.pistonheads.com/buy/auction/19064087"
"2009 Bentley Continental GT Supersports","https://www.pistonheads.com/buy/auction/19227554"
"2006 Renaultsport Clio Trophy - The Last One Made","https://www.pistonheads.com/buy/auction/19212140"
"2016 Nissan 370Z Nismo","https://www.pistonheads.com/buy/auction/19192368"
"2007 Honda S2000","https://www.pistonheads.com/buy/auction/18987087"
"2015 Porsche Panamera Diesel","https://www.pistonheads.com/buy/auction/19232882"
"2013 Porsche Panamera GTS","https://www.pistonheads.com/buy/auction/19185036"
"2001 Lotus Exige S1","https://www.pistonheads.com/buy/auction/19177894"
"2009 Mazda MX-5 (Mk3) BBR Super 180","https://www.pistonheads.com/buy/auction/19164420"
"2000 Lotus Esprit V8 Twin Turbo","https://www.pistonheads.com/buy/auction/19157486"
"1999 BMW M5 (E39) Manual","https://www.pistonheads.com/buy/auction/19155695"
"1998 Peugeot 306 Gti-6","https://www.pistonheads.com/buy/auction/19105028"
"2003 BMW M3 Coupe (E46) Manual","https://www.pistonheads.com/buy/auction/19137467"
"2004 Porsche 911 Carrera 4S Manual (996)","https://www.pistonheads.com/buy/auction/19141592"
"2013 Vauxhall Astra VXR","https://www.pistonheads.com/buy/auction/19137363"
"2011 BMW 1M - One Owner","https://www.pistonheads.com/buy/auction/19137461"
"1990 Porsche 911 Carrera 4 Cabriolet (964)","https://www.pistonheads.com/buy/auction/19137468"
"2015 Mini Cooper S","https://www.pistonheads.com/buy/auction/19124571"
"2012 Mazda MX-5 Mk3 BBR 225","https://www.pistonheads.com/buy/auction/19119174"
"2007 Porsche Boxster (987) Sport Edition Manual","https://www.pistonheads.com/buy/auction/18930258"
"2010 Lamborghini Gallardo LP560-4","https://www.pistonheads.com/buy/auction/19117317"
"2001 TVR Tuscan Speed Six","https://www.pistonheads.com/buy/auction/19117322"
"2016 Nissan 370Z Nismo","https://www.pistonheads.com/buy/auction/19105186"
"2012 Mazda MX-5 Mk3 BBR Turbo","https://www.pistonheads.com/buy/auction/19112306"
"2001 Alfa Romeo Spider 3.0 Busso","https://www.pistonheads.com/buy/auction/19106584"
"2004 BMW M3 (E46)","https://www.pistonheads.com/buy/auction/19101340"
"2003 Porsche 911 Carrera (996)","https://www.pistonheads.com/buy/auction/19101342"
"2007 Ferrari F430","https://www.pistonheads.com/buy/auction/19015704"
"1997 TVR Griffith","https://www.pistonheads.com/buy/auction/19089794"
"2014 Mercedes-Benz SLK AMG","https://www.pistonheads.com/buy/auction/19105025"
"2014 Aston Martin Vantage Manual","https://www.pistonheads.com/buy/auction/19100619"
"2020 Porsche Cayman GT4","https://www.pistonheads.com/buy/auction/19064100"
"1996 TVR Griffith 500","https://www.pistonheads.com/buy/auction/19081307"
"2004 BMW M3 Coupe (E46) Manual","https://www.pistonheads.com/buy/auction/19076697"
"1979 Lotus Talbot Sunbeam","https://www.pistonheads.com/buy/auction/19068399"
"2008 Porsche 911 GT3 RS (997.1) Manual","https://www.pistonheads.com/buy/auction/19076704"
"2005 Renault Clio 182 Trophy - Fully Restored","https://www.pistonheads.com/buy/auction/19070144"
"2003 BMW M3 Convertible (E46)","https://www.pistonheads.com/buy/auction/19034164"
"1988 BMW 325iA Convertible (E30)","https://www.pistonheads.com/buy/auction/19045822"
"2005 Honda S2000","https://www.pistonheads.com/buy/auction/19039866"
"2008 Holden Commodore VE SS-V V8 Ute","https://www.pistonheads.com/buy/auction/19040804"
"2015 Lotus Exige S LF1 Edition","https://www.pistonheads.com/buy/auction/19076703"
"2000 Porsche Boxster S (986)","https://www.pistonheads.com/buy/auction/19019990"
"2014 Jaguar XFR-S","https://www.pistonheads.com/buy/auction/19015698"
"2007 Porsche Cayman (987) Porsche Design Edition 1","https://www.pistonheads.com/buy/auction/18981956"
"1990 Ford Sierra Cosworth Rouse Sport 304-R with upgrades","https://www.pistonheads.com/buy/auction/18827132"
"2007 Audi RS4 Avant (B7)","https://www.pistonheads.com/buy/auction/18832134"
"2018 Caterham Seven 160S","https://www.pistonheads.com/buy/auction/18996920"
"2023 Chevrolet Corvette C8 Stingray Convertible","https://www.pistonheads.com/buy/auction/18980475"
"2009 Saturn Sky Red Line","https://www.pistonheads.com/buy/auction/18981954"
"2005 Mercedes-Benz SL55 AMG","https://www.pistonheads.com/buy/auction/18701754"
"1988 Volkswagen Golf GTI 8v Mk2","https://www.pistonheads.com/buy/auction/18827115"
"2012 Bentley Continental GT","https://www.pistonheads.com/buy/auction/18986023"
"2010 Aston Martin V12 Vantage","https://www.pistonheads.com/buy/auction/18976125"
"2002 BMW M5 (E39)","https://www.pistonheads.com/buy/auction/18942928"
"1982 BMW 735i","https://www.pistonheads.com/buy/auction/18976128"
"2016 Porsche 911 Carrera 4 Black Edition Convertible (991)","https://www.pistonheads.com/buy/auction/18970251"
"2007 BMW M5 Touring (E61)","https://www.pistonheads.com/buy/auction/18965691"
"2011 Alpina B5 (F10) V8 Touring","https://www.pistonheads.com/buy/auction/18955244"
"1994 Toyota Supra Twin Turbo LHD","https://www.pistonheads.com/buy/auction/18949174"
"1976 Pilgrim Sumo Cobra 427 Replica","https://www.pistonheads.com/buy/auction/18832125"
"2004 Porsche Boxster 550S 50th Anniversary Edition","https://www.pistonheads.com/buy/auction/18949181"
"2002 Honda S2000 GT","https://www.pistonheads.com/buy/auction/18930463"
"1996 Mazda MX-5 (Mk1) Supercharged","https://www.pistonheads.com/buy/auction/18941184"
"2007 Chevrolet C6 Indy 500 Official Pace Car Replica Manual","https://www.pistonheads.com/buy/auction/18685529"
"2007 Mercedes-Benz E63 AMG","https://www.pistonheads.com/buy/auction/18942925"
"2004 BMW E46 M3 Manual","https://www.pistonheads.com/buy/auction/18930939"
"2015 Spire GTR","https://www.pistonheads.com/buy/auction/18894915"
"2001 Morgan Plus 8","https://www.pistonheads.com/buy/auction/18893961"
"1990 Peugeot 205 1.6 GTI Limited Edition","https://www.pistonheads.com/buy/auction/18838853"
"2003 Alpina B3S Convertible (E46)","https://www.pistonheads.com/buy/auction/18894913"
"1997 Lotus Elise S1","https://www.pistonheads.com/buy/auction/18964722"
"2018 Abarth 695 Rivale 175th Edition","https://www.pistonheads.com/buy/auction/18901748"
"2017 Porsche Panamera Turbo S E-Hybrid","https://www.pistonheads.com/buy/auction/18762549"
"2002 Porsche 911 Targa (996)","https://www.pistonheads.com/buy/auction/18905453"
"2019 Alfa Romeo Stelvio Quadrifoglio NRING limited edition","https://www.pistonheads.com/buy/auction/18796153"
"1958 Austin A35","https://www.pistonheads.com/buy/auction/18894911"
"2011 Porsche Cayman S (987)","https://www.pistonheads.com/buy/auction/18947431"
"2015 Morgan Roadster","https://www.pistonheads.com/buy/auction/18851285"
"1963 Volkswagen T2 Split Screen Camper","https://www.pistonheads.com/buy/auction/18508638"
"1998 Mercedes-Benz SL320","https://www.pistonheads.com/buy/auction/18685552"
"2012 Porsche Boxster (981)","https://www.pistonheads.com/buy/auction/18845208"
"2008 Land Rover Defender 90 Station Wagon 2.4 TDCi","https://www.pistonheads.com/buy/auction/18837399"
"2005 Lotus Exige S2","https://www.pistonheads.com/buy/auction/18843500"
"2005 BMW M3 Convertible (E46) Manual","https://www.pistonheads.com/buy/auction/18832132"
"2005 Porsche 911 Carrera S Cabriolet (997)","https://www.pistonheads.com/buy/auction/18837380"
"Nissan Stagea RS Four S2 V","https://www.pistonheads.com/buy/auction/18568513"
"2002 Porsche Boxster 2.7 (986)","https://www.pistonheads.com/buy/auction/18804202"
"2009 Bentley Continental GT Speed","https://www.pistonheads.com/buy/auction/18685772"
"2006 Mazda MX-5 Sport (Mk3) Track Car","https://www.pistonheads.com/buy/auction/18827108"
"2012 Bentley Continental GTC V8","https://www.pistonheads.com/buy/auction/18771895"
"2013 Vauxhall Astra VXR","https://www.pistonheads.com/buy/auction/18811332"
"1998 BMW Z3M Roadster","https://www.pistonheads.com/buy/auction/18781760"
"2011 Noble M600","https://www.pistonheads.com/buy/auction/18796794"
"2017 Chesil Speedster","https://www.pistonheads.com/buy/auction/18775343"
"2007 BMW Z4 3.0 Manual","https://www.pistonheads.com/buy/auction/18775347"
"1999 TVR Chimaera 4.5","https://www.pistonheads.com/buy/auction/18775355"
"2016 Maserati GranCabrio Sport","https://www.pistonheads.com/buy/auction/18761894"
"2003 Volkswagen Golf R32 Manual","https://www.pistonheads.com/buy/auction/18697577"
"2018 BMW M2 Competition (F87) Manual","https://www.pistonheads.com/buy/auction/18761892"
"2006 Porsche 911 Carrera 4S (997.1) Manual","https://www.pistonheads.com/buy/auction/18419804"
"1988 Porsche 911 3.2 Carrera Targa Manual","https://www.pistonheads.com/buy/auction/18755833"
"1996 Volvo 850 R Manual","https://www.pistonheads.com/buy/auction/18720175"
"2014 Lotus Elise S3 Club Racer Edition","https://www.pistonheads.com/buy/auction/18731142"
"2001 Westfield 1600 CVH S","https://www.pistonheads.com/buy/auction/18731133"
"2003 MG ZR","https://www.pistonheads.com/buy/auction/18737374"
"1991 Mazda MX-5 Mk 1","https://www.pistonheads.com/buy/auction/18734756"
"2014 Dodge Challenger SRT","https://www.pistonheads.com/buy/auction/18731150"
"2021 Volkswagen Transporter T6 T30 TDI Highline 4Motion","https://www.pistonheads.com/buy/auction/18734747"
"2003 BMW 330Ci Clubsport Auto","https://www.pistonheads.com/buy/auction/18730147"
"2018 Mercedes-Benz GLC63 AMG","https://www.pistonheads.com/buy/auction/18723610"
"2000 Lotus Elise S1","https://www.pistonheads.com/buy/auction/18439151"
"2003 BMW M3 Convertible (E46) SMG","https://www.pistonheads.com/buy/auction/18672247"
"Ferrari 12Cilindri charity passenger ride at Goodwood Festival of Speed","https://www.pistonheads.com/buy/auction/18742862"
"1995 Porsche 911 Carrera 2 (993) Manual","https://www.pistonheads.com/buy/auction/18701307"
"2006 Subaru Impreza WRX PPP","https://www.pistonheads.com/buy/auction/18695885"
"2022 Porsche 718 Cayman GTS Manual","https://www.pistonheads.com/buy/auction/18691387"
"2003 Aston Martin DB7 Vantage Volante Auto","https://www.pistonheads.com/buy/auction/18532093"
"1967 Alfa Romeo GT Junior Alfaholics upgrades and Bob Dove engine","https://www.pistonheads.com/buy/auction/18685541"
"2007 Nissan 350Z GT","https://www.pistonheads.com/buy/auction/18672105"
"2002 Porsche 911 Carrera 2S Convertible Manual","https://www.pistonheads.com/buy/auction/18673758"
"2009 Alpina B3 Convertible","https://www.pistonheads.com/buy/auction/18616762"
"1983 BMW 316 (E21) Manual","https://www.pistonheads.com/buy/auction/18672104"
"1994 Porsche 968 Sport","https://www.pistonheads.com/buy/auction/18662578"
"2006 Porsche 911 Turbo (997) Manual","https://www.pistonheads.com/buy/auction/18660638"
"1977 Ferrari Dino 308 GT4","https://www.pistonheads.com/buy/auction/18333921"
"2008 Honda S2000","https://www.pistonheads.com/buy/auction/18660616"
"2019 BMW M140i Shadow Edition Auto with upgrades","https://www.pistonheads.com/buy/auction/18653677"
"1972 Land Rover Series IIA 88in","https://www.pistonheads.com/buy/auction/18634210"
"1999 Maserati 3200GT Auto","https://www.pistonheads.com/buy/auction/18630495"
"1997 Westfield SEW 2.1 Pinto","https://www.pistonheads.com/buy/auction/18613131"
"2011 Lotus Evora S Manual","https://www.pistonheads.com/buy/auction/18618830"
"2024 AC Cobra","https://www.pistonheads.com/buy/auction/18612213"
"2003 Porsche Boxster S Manual","https://www.pistonheads.com/buy/auction/18616758"
"Ford Escort RS2000 4x4","https://www.pistonheads.com/buy/auction/18613300"
"2011 Subaru WRX STI 2.0 JDM spec","https://www.pistonheads.com/buy/auction/18613304"
"2012 Aston Martin Vantage V8S Sportshift II","https://www.pistonheads.com/buy/auction/18594808"
"Porsche 911 Carrera 2 (991.2) PDK","https://www.pistonheads.com/buy/auction/18583858"
"2004 Porsche Boxster 550S Manual","https://www.pistonheads.com/buy/auction/18601437"
"2013 Porsche Cayman S Manual","https://www.pistonheads.com/buy/auction/18595787"
"2014 Mercedes-Benz SLK55 AMG","https://www.pistonheads.com/buy/auction/18583855"
"2016 Ford Mustang Shelby GT350","https://www.pistonheads.com/buy/auction/18582652"
"2013 Westfield FW 2.0-litre Supercharged","https://www.pistonheads.com/buy/auction/18583857"
"2020 Subaru WRX EyeSight","https://www.pistonheads.com/buy/auction/17976291"
"2007 BMW M5 (E60)","https://www.pistonheads.com/buy/auction/18579743"
"1991 Ferrari 348TS","https://www.pistonheads.com/buy/auction/18547096"
"2000 Lotus Elise S1","https://www.pistonheads.com/buy/auction/18547104"
"1998 BMW 540i (E39)","https://www.pistonheads.com/buy/auction/18547784"
"2004 Lotus Elise S2 111R with Supercharger","https://www.pistonheads.com/buy/auction/18561774"
"2001 Porsche 911 Carrera 4 (996) Manual","https://www.pistonheads.com/buy/auction/18476472"
"2009 Maserati Quattroporte","https://www.pistonheads.com/buy/auction/18292555"
"2005 Porsche Boxster S (987) Manual","https://www.pistonheads.com/buy/auction/18534067"
"2003 Lotus Elise S2 Bell & Colvill 160","https://www.pistonheads.com/buy/auction/18527426"
"2000 Mini Cooper Sport","https://www.pistonheads.com/buy/auction/18532086"
"2014 Ford Mustang Shelby GT500","https://www.pistonheads.com/buy/auction/18479612"
"2015 Mazda MX-5 BBR Turbo","https://www.pistonheads.com/buy/auction/18532082"
"1995 MGF Cheetah - Supercharged","https://www.pistonheads.com/buy/auction/18524924"
"1998 Porsche 911 Carrera 2 (996) Manual","https://www.pistonheads.com/buy/auction/18561780"
"2010 Maserati GranTurismo S 4.7 V8","https://www.pistonheads.com/buy/auction/18348356"
"2014 Audi RS4 Avant","https://www.pistonheads.com/buy/auction/18513887"
"1988 Porsche 944 Lux Manual","https://www.pistonheads.com/buy/auction/18373904"
"1998 Lotus Elise S1","https://www.pistonheads.com/buy/auction/18496774"
"1992 Morgan 4/4","https://www.pistonheads.com/buy/auction/18496793"
"1998 Westfield SEight 4.4 litre V8","https://www.pistonheads.com/buy/auction/18465330"
"2016 Westfield Fireblade 919","https://www.pistonheads.com/buy/auction/18489629"
"1983 Volkswagen Golf GTI Mk1","https://www.pistonheads.com/buy/auction/18476742"
"2006 BMW Z4 M Coupe","https://www.pistonheads.com/buy/auction/18480498"
"2004 Porsche 911 Cabriolet (996) Tiptronic","https://www.pistonheads.com/buy/auction/18480628"
"2018 Ford Mustang with over 700bhp","https://www.pistonheads.com/buy/auction/18479598"
"1981 Datsun Sunny Pickup Custom Build c.270bhp","https://www.pistonheads.com/buy/auction/18421678"
"2010 Mazda MX-5 BBR Super 200","https://www.pistonheads.com/buy/auction/18444758"
"2010 Robin Hood Gen One Zero","https://www.pistonheads.com/buy/auction/18439246"
"1982 Porsche 911 SC Targa Manual","https://www.pistonheads.com/buy/auction/18444762"
"2018 BMW 640d Convertible M Sport Plus","https://www.pistonheads.com/buy/auction/18439253"
"2005 BMW M3 Convertible (E46) Manual","https://www.pistonheads.com/buy/auction/18426768"
"2016 Volkswagen Golf GTI Clubsport Edition 40","https://www.pistonheads.com/buy/auction/18408775"
"2016 Jaguar Project 7, One of 250 Worldwide","https://www.pistonheads.com/buy/auction/18444763"
"1991 Audi S2 Coupe Quattro Manual","https://www.pistonheads.com/buy/auction/18409627"
"2015 Mercedes-Benz C63 AMG","https://www.pistonheads.com/buy/auction/18398028"
"2020 Mercedes-AMG A35 Premium Pack","https://www.pistonheads.com/buy/auction/18353733"
"2009 Porsche 911 (997.2) Targa 4 PDK","https://www.pistonheads.com/buy/auction/18114970"
"1978 MGB GT V8 Sebring Tribute","https://www.pistonheads.com/buy/auction/18377640"
"2001 Porsche Boxster Track Car","https://www.pistonheads.com/buy/auction/18377642"
"1998 Alfa Romeo 916 Spider 2.0 Twin Spark","https://www.pistonheads.com/buy/auction/18355662"
"1991 BMW M3 Sport Evolution","https://www.pistonheads.com/buy/auction/18333948"
"2001 Porsche 911 Carrera 4 Cabriolet (996) Manual","https://www.pistonheads.com/buy/auction/18372529"
"2008 Bentley Continental GT","https://www.pistonheads.com/buy/auction/18005115"
"2003 Radical SR3 Supersport","https://www.pistonheads.com/buy/auction/18362151"
"2014 Range Rover Overfinch","https://www.pistonheads.com/buy/auction/18357468"
"1996 Subaru Impreza WRX STi","https://www.pistonheads.com/buy/auction/18348394"
"1993 Rover Mini Mayfair 1275","https://www.pistonheads.com/buy/auction/18341240"
"1997 Aston Martin DB7","https://www.pistonheads.com/buy/auction/18346444"
"2002 BMW M3 Coupe Manual","https://www.pistonheads.com/buy/auction/18267609"
"2007 Audi RS4 Avant","https://www.pistonheads.com/buy/auction/18236421"
"1971 Volkswagen 356 Speedster Evocation Beetle-based","https://www.pistonheads.com/buy/auction/18379914"
"2005 Porsche 911 Carrera S (997)","https://www.pistonheads.com/buy/auction/18256247"
"2001 Ferrari 360 Manual","https://www.pistonheads.com/buy/auction/18301327"
"2007 Porsche 911 Turbo (997.1)","https://www.pistonheads.com/buy/auction/18301318"
"2007 Jaguar XKR X150","https://www.pistonheads.com/buy/auction/18301333"
"2017 Chevrolet Camaro V8 2SS","https://www.pistonheads.com/buy/auction/18256254"
"2019 Porsche Cayenne V6 E-Hybrid","https://www.pistonheads.com/buy/auction/18267600"
"2008 Mercedes Benz E63 AMG Estate","https://www.pistonheads.com/buy/auction/18287691"
"2016 Audi SQ5 Plus","https://www.pistonheads.com/buy/auction/18254402"
"1981 DeLorean DMC-12 Automatic","https://www.pistonheads.com/buy/auction/18204576"
"1977 Porsche 911S Targa (LHD)","https://www.pistonheads.com/buy/auction/18204835"
"1980 Lancia Beta Spider","https://www.pistonheads.com/buy/auction/18204836"
"2003 Renaultsport Clio 172 Cup","https://www.pistonheads.com/buy/auction/18320074"
"2000 Range Rover P38 Holland & Holland","https://www.pistonheads.com/buy/auction/18244916"
"2006 Porsche 911 Carrera 4S 997.1","https://www.pistonheads.com/buy/auction/18254068"
"2000 Peugeot 306 GTI-6","https://www.pistonheads.com/buy/auction/18005122"
"1999 Honda Prelude 2.2 Motegi Manual","https://www.pistonheads.com/buy/auction/18238267"
"2018 Mazda MX-5 BBR Stage 1 turbo package","https://www.pistonheads.com/buy/auction/18152487"
"2017 Audi S5 Sportback","https://www.pistonheads.com/buy/auction/18235747"
"1999 Westfield SEIW","https://www.pistonheads.com/buy/auction/18174467"
"1995 Nissan GT-R (R33) Do-Luck","https://www.pistonheads.com/buy/auction/18229187"
"1999 Mitsubishi Evo 6 RS Sprint Veilside","https://www.pistonheads.com/buy/auction/18260715"
"1964 Volkswagen Type 2 (T1) Splitscreen Sundial Campervan","https://www.pistonheads.com/buy/auction/17135464"
"2016 Mazda MX-5 Icon","https://www.pistonheads.com/buy/auction/18206381"
"2007 Porsche Cayman Manual","https://www.pistonheads.com/buy/auction/18197381"
"2014 Porsche Panamera GTS","https://www.pistonheads.com/buy/auction/18174455"
"2006 BMW Z4M Roadster","https://www.pistonheads.com/buy/auction/18207277"
"2001 Volkswagen Golf V6 4MOTION","https://www.pistonheads.com/buy/auction/18198850"
"2005 Aston Martin V8 Vantage Manual","https://www.pistonheads.com/buy/auction/18203791"
"2006 Aston Martin V8 Vantage","https://www.pistonheads.com/buy/auction/18177032"
"2015 Mini Cooper Manual","https://www.pistonheads.com/buy/auction/18174453"
"1992 BMW 325i Cabriolet (E30) Manual","https://www.pistonheads.com/buy/auction/18186551"
"2007 Lotus Exige S2","https://www.pistonheads.com/buy/auction/18179060"
"2013 BMW 335i (E93) Convertible Auto","https://www.pistonheads.com/buy/auction/18174464"
"2011 Nissan GTR (R35) Premium","https://www.pistonheads.com/buy/auction/18163173"
"2001 Porsche 911 Carrera 4S (996) Manual","https://www.pistonheads.com/buy/auction/18152475"
"2005 Jaguar XK8 Coupe LHD","https://www.pistonheads.com/buy/auction/18139832"
"2013 BMW X5 M50d","https://www.pistonheads.com/buy/auction/18134927"
"2016 Mercedes-Benz AMG GTS","https://www.pistonheads.com/buy/auction/18134957"
"2006 Porsche 911 (997) Carrera 4S Cabriolet","https://www.pistonheads.com/buy/auction/18139857"
"2013 Mini Countryman Cooper S ALL4 Manual","https://www.pistonheads.com/buy/auction/18134942"
"2001 Porsche Boxster S (986) Race Car","https://www.pistonheads.com/buy/auction/18134956"
"2004 BMW M3 (E46) Coupe SMG","https://www.pistonheads.com/buy/auction/18077848"
"2010 Renaultsport Clio 200","https://www.pistonheads.com/buy/auction/18077837"
"2007 Porsche Cayman Manual","https://www.pistonheads.com/buy/auction/18134938"
"2016 BMW 335d xDrive Touring Auto AC Schnitzer","https://www.pistonheads.com/buy/auction/18134961"
"2014 BMW M135i Manual","https://www.pistonheads.com/buy/auction/18059520"
"2008 BMW Z4M Roadster","https://www.pistonheads.com/buy/auction/18064839"
"2005 Mercedes-Benz SLK55 AMG","https://www.pistonheads.com/buy/auction/17580286"
"2005 Porsche 911 (997) Carrera 2 Manual","https://www.pistonheads.com/buy/auction/17508321"
"2017 Mercedes-Benz E63S 4Matic+ Estate with over 1000bhp","https://www.pistonheads.com/buy/auction/18005120"
"2010 Mercedes E500 Coupe","https://www.pistonheads.com/buy/auction/18041518"
"2011 Mazda MX-5 Sport Tech","https://www.pistonheads.com/buy/auction/18041524"
"1999 TVR Chimaera","https://www.pistonheads.com/buy/auction/18041534"
"2015 Audi R8 4.2 V8 S-Tronic","https://www.pistonheads.com/buy/auction/18034709"
"1991 Mazda MX-5 1.6 Mk1 NA","https://www.pistonheads.com/buy/auction/18024635"
"2013 Aston Martin V8 Vantage Coupe 4.7 Manual","https://www.pistonheads.com/buy/auction/18028983"
"2013 Maserati GranCabrio Sport","https://www.pistonheads.com/buy/auction/17823515"
"1957 Morris Minor 1000","https://www.pistonheads.com/buy/auction/18024643"
"1990 Porsche 911 (964) Carrera 2S RS America Evocation","https://www.pistonheads.com/buy/auction/18024071"
"1992 Land Rover Defender 110 County Station Wagon V8 Manual","https://www.pistonheads.com/buy/auction/18024364"
"Spire GTR Track Car","https://www.pistonheads.com/buy/auction/18011832"
"2001 Porsche 911 Carrera 2 (996)","https://www.pistonheads.com/buy/auction/17988375"
"2014 Maserati Quattroporte GTS","https://www.pistonheads.com/buy/auction/17961381"
"2008 Mercedes-Benz SL 350 (R230)","https://www.pistonheads.com/buy/auction/17797067"
"2013 BMW M3 Cabriolet Limited Edition 500 (E93) Manual","https://www.pistonheads.com/buy/auction/17997828"
"2005 Porsche 911 Carrera 2 S (997)","https://www.pistonheads.com/buy/auction/17988370"
"2006 Nissan 350Z Coupe","https://www.pistonheads.com/buy/auction/17961385"
"1988 Porsche 924 S","https://www.pistonheads.com/buy/auction/17974241"
"2005 Honda Civic Type R (EP3)","https://www.pistonheads.com/buy/auction/18029194"
"2005 Porsche Boxster 2.7 (987.1) Manual","https://www.pistonheads.com/buy/auction/18024641"
"2016 Bentley Continental GT V8 S","https://www.pistonheads.com/buy/auction/17893020"
"2007 Renaultsport Clio 197 F1","https://www.pistonheads.com/buy/auction/17961374"
"Porsche 911 Carrera 4S (996)","https://www.pistonheads.com/buy/auction/17924319"
"2021 Mercedes-AMG C63S Cabriolet Night Edition Premium Plus","https://www.pistonheads.com/buy/auction/17920723"
"2007 Saab 9-3 Aero Sportwagon","https://www.pistonheads.com/buy/auction/17951099"
"Alpina B5 BiTurbo","https://www.pistonheads.com/buy/auction/17926431"
"2007 Subaru Forester STI (JDM)","https://www.pistonheads.com/buy/auction/17918671"
"2019 Nissan 370Z","https://www.pistonheads.com/buy/auction/17882305"
"2000 Mazda MX-5 Isola Special Edition","https://www.pistonheads.com/buy/auction/17894874"
"2014 Mazda MX-5 25th Anniversary Edition","https://www.pistonheads.com/buy/auction/17882304"
"2018 BMW X5 Xdrive40D M Sport","https://www.pistonheads.com/buy/auction/17882303"
"2003 Alfa Romeo GTA Sportwagon","https://www.pistonheads.com/buy/auction/17869974"
"2015 Bentley Continental GT Speed","https://www.pistonheads.com/buy/auction/17839992"
"2006 BMW 320si Very Rare Homologation Special","https://www.pistonheads.com/buy/auction/16362052"
"2006 Bentley Continental GT","https://www.pistonheads.com/buy/auction/17850068"
"1985 Porsche 944 Auto","https://www.pistonheads.com/buy/auction/17853428"
"2006 Mini Cooper S (R53)","https://www.pistonheads.com/buy/auction/17896935"
"2017 Range Rover Sport SVR V8 (L494)","https://www.pistonheads.com/buy/auction/17820358"
"2002 Renaultsport Clio 172","https://www.pistonheads.com/buy/auction/17893046"
"2012 BMW M5 (F10)","https://www.pistonheads.com/buy/auction/17842580"
"2020 Ginetta G40 Cup","https://www.pistonheads.com/buy/auction/17777867"
"2006 Porsche Boxster S Manual","https://www.pistonheads.com/buy/auction/17797089"
"2001 Maserati 3200 GT Manual","https://www.pistonheads.com/buy/auction/17586605"
"2020 Mini John Cooper Works GP3","https://www.pistonheads.com/buy/auction/17835371"
"2005 Renaultsport Clio 182 Cup","https://www.pistonheads.com/buy/auction/17643975"
"2003 Volvo V70R AWD Manual","https://www.pistonheads.com/buy/auction/17818515"
"1990 BMW 525i SE (E34) Auto","https://www.pistonheads.com/buy/auction/17798703"
"2010 Range Rover (L322) Cosworth","https://www.pistonheads.com/buy/auction/17824863"
"2023 Alfa Romeo Giulia QV 100th Anniversary Edition","https://www.pistonheads.com/buy/auction/17864870"
"2003 Ferrari 360 Modena F1","https://www.pistonheads.com/buy/auction/15604493"
"2005 BMW 325Ci Auto Sport Cabriolet (E46)","https://www.pistonheads.com/buy/auction/17643977"
"1999 Honda Prelude 2.2 Motegi","https://www.pistonheads.com/buy/auction/17771413"
"2021 Toyota GR Yaris Circuit Pack","https://www.pistonheads.com/buy/auction/17806728"
"2015 BMW M4 Convertible DCT (F83)","https://www.pistonheads.com/buy/auction/17823513"
"1996 Volkswagen Corrado VR6","https://www.pistonheads.com/buy/auction/17814723"
"2001 Renault Clio 172 Exclusive","https://www.pistonheads.com/buy/auction/17716517"
"2006 Mini Cooper S JCW GP","https://www.pistonheads.com/buy/auction/17782503"
"BMW 316i Compact Manual","https://www.pistonheads.com/buy/auction/17733895"
"2008 Porsche Cayman S Tiptronic","https://www.pistonheads.com/buy/auction/17639981"
"2006 Porsche Cayman S (987) Manual","https://www.pistonheads.com/buy/auction/17700288"
"2012 Caterham Seven","https://www.pistonheads.com/buy/auction/17710758"
"2006 Porsche Cayman S Manual","https://www.pistonheads.com/buy/auction/17701435"
"2004 Volkswagen Passat W8 Estate","https://www.pistonheads.com/buy/auction/17683971"
"2013 Mazda MX-5","https://www.pistonheads.com/buy/auction/17678127"
"2003 BMW M3 (E46) Manual","https://www.pistonheads.com/buy/auction/17710759"
"2010 Subaru Impreza WRX-S","https://www.pistonheads.com/buy/auction/17667634"
"2000 Subaru Legacy Blitzen Auto","https://www.pistonheads.com/buy/auction/17667635"
"2008 Porsche 911 (997) Carrera S Manual","https://www.pistonheads.com/buy/auction/17643978"
"2009 Land Rover Defender 90 ‘Zulu2’ V8 Manual","https://www.pistonheads.com/buy/auction/17602164"
"2005 Porsche Boxster S (987.1) Manual","https://www.pistonheads.com/buy/auction/17649662"
"2002 Vauxhall VX220","https://www.pistonheads.com/buy/auction/17634025"
"2002 Renault Clio 172 Cup","https://www.pistonheads.com/buy/auction/17632028"
"2006 BMW 320si (E90)","https://www.pistonheads.com/buy/auction/17610910"
"1995 Ford Escort Cosworth","https://www.pistonheads.com/buy/auction/17623293"
"2014 Toyota GT86 - Litchfield Upgrades","https://www.pistonheads.com/buy/auction/17610448"
"2003 Alfa 156 GTA Sportwagon","https://www.pistonheads.com/buy/auction/17617390"
"2002 Ford Puma 1.7","https://www.pistonheads.com/buy/auction/17597363"
"1995 TVR Griffith 500","https://www.pistonheads.com/buy/auction/17595368"
"1995 BMW M3 Saloon (E36)","https://www.pistonheads.com/buy/auction/17573718"
"2006 Porsche 911 (997) Carrera 2S Tiptronic","https://www.pistonheads.com/buy/auction/17573701"
"1989 Golf GTI Mk2 8v","https://www.pistonheads.com/buy/auction/17573704"
"2010 BMW Z4 sDrive35i","https://www.pistonheads.com/buy/auction/17557670"