"img_src","build_nickname","year_make_model","build_owner"
"https://cctbtkwwwcoblmrwqkrd.supabase.co/storage/v1/object/public/car-images/01e75525-14d2-4533-8f35-54b4ac68a20e/372a111f-5ec5-4451-8b11-e9c4bafe3ca5-full.webp","Lake Myriad","2005 Land Rover LR3","Jake"
"https://cctbtkwwwcoblmrwqkrd.supabase.co/storage/v1/object/public/car-images/20bb6424-219b-418f-b633-0b370b89d636/d52c6fe8-fcc3-460c-951c-631294b89ef8-full.webp","The Dude-A-Lude","1998 Honda Prelude","Reppin-The-Block-Media"
"https://cctbtkwwwcoblmrwqkrd.supabase.co/storage/v1/object/public/car-images/29ec112f-2416-4c96-89ab-ef5e14b07cba/d9f85a6a-6bf9-4e04-a2ce-81a1925a3239-full-1761009046417.webp","My-Fair-Lady","1974 Datsun 260z","Ishmael Werkz"
"https://cctbtkwwwcoblmrwqkrd.supabase.co/storage/v1/object/public/car-images/0e41a90f-2a8a-4e54-89ff-d463930886d4/915e454e-1434-4c55-87b2-9bd872b2c7dd-full-1761009057035.webp","Hammond","1984 Porsche 911 carrera","Ishmael Werkz"
"https://cctbtkwwwcoblmrwqkrd.supabase.co/storage/v1/object/public/car-images/ab725963-b7b8-4d93-9106-281f276c6c90/d66b3439-b25a-4371-8c8a-ddf9da526a48-full.webp","2014 Scion FR-S","2014 Scion FR-S","Brandon"
"https://cctbtkwwwcoblmrwqkrd.supabase.co/storage/v1/object/public/car-images/01e75525-14d2-4533-8f35-54b4ac68a20e/0dba87eb-f375-41ba-a684-f0d347a98794-full.webp","Green Machine","1971 Honda CB450","Jake"
"https://cctbtkwwwcoblmrwqkrd.supabase.co/storage/v1/object/public/car-images/30895440-93b6-4fb8-a21b-4081bce3ef68/1760328192076-0-full-1761009065842.webp","Lafawnduh","2008 Honda Civic SI","Cody"
"https://cctbtkwwwcoblmrwqkrd.supabase.co/storage/v1/object/public/car-images/164cd03c-3928-4234-9dd8-257a0326bf4d/6dd652c7-6d67-4460-addf-03c244e675fa-full.webp","1996 Honda  Civic Ej8","1996 Honda  Civic Ej8","Nate"
"https://cctbtkwwwcoblmrwqkrd.supabase.co/storage/v1/object/public/car-images/f64c2f08-804d-4168-a1d7-73f80d2aaf14/76d94f68-fbcd-4102-bea8-add3141da325-full-1761009639261.webp","Brooklands  NSX","1995 Acura NSX-T","Jake"
"https://cctbtkwwwcoblmrwqkrd.supabase.co/storage/v1/object/public/car-images/1d037969-f31b-445e-ab45-41931745f3d6/e8bfd314-0537-4f71-8ab7-180faa7e8afd-full.webp","HOMISC3","1992 Lexus  Sc300","Dallas Manthie"
"https://cctbtkwwwcoblmrwqkrd.supabase.co/storage/v1/object/public/car-images/7a7e7b06-5b65-47ed-a827-c4d02a919f28/d1067aa2-d2dd-44f0-861f-61787cd6db5a-full.webp","Feather","1972 Indian Me-125","Ishmael Werkz"
"https://cctbtkwwwcoblmrwqkrd.supabase.co/storage/v1/object/public/car-images/01e75525-14d2-4533-8f35-54b4ac68a20e/0955164b-feb4-499c-9e74-ae9ef702783a-full.webp","1985 Honda Interceptor","1985 Honda Interceptor","Jake"
"https://cctbtkwwwcoblmrwqkrd.supabase.co/storage/v1/object/public/car-images/320a3bd1-5645-4ddf-bf60-0b4e2b5f0978/20a18bac-1f92-412c-a439-f6c878112b28-full-1761009114154.webp","Z06","2001 Chevrolet  Corvette Z06","Jared"
"https://cctbtkwwwcoblmrwqkrd.supabase.co/storage/v1/object/public/car-images/26189c09-fb62-49bc-bf4d-20ec119c4952/44712174-1ed0-4699-84a3-f5ffbd8dd5e0-full-1761009296663.webp","E46","2002 BMW E46","Reppin-The-Block-Media"
"https://cctbtkwwwcoblmrwqkrd.supabase.co/storage/v1/object/public/car-images/68cd62eb-2e2f-4108-a7f9-d9c241a2e070/3ddada6a-62a7-4f21-ac12-82e1bdbc82b2-full.webp","Rex2","1991 Honda CRX","GRIDLIFE"
"https://cctbtkwwwcoblmrwqkrd.supabase.co/storage/v1/object/public/car-images/b76050df-1c2d-4894-9a85-8d5fcb8fc74c/270f9cf0-a6d8-44b1-94f7-9192dbf00b54-full.webp","OnyxLS3","2001 BMW 330ci","Josh"
"https://cctbtkwwwcoblmrwqkrd.supabase.co/storage/v1/object/public/car-images/e6fd4a6b-5d11-4acd-8ca0-b79f8823b5fe/8134fc7a-855a-4907-be24-a9208f05551b-full.webp","Blue","1992 Nissan 240sx","Wyatte_240LS"
"https://cctbtkwwwcoblmrwqkrd.supabase.co/storage/v1/object/public/car-images/49b36493-b501-48ff-9163-9448602bc94d/a057b713-be00-41e0-8394-ae2fcf7ec8be-full.webp","Baby Honda","1983 Honda Civic","Jaylin"
"https://cctbtkwwwcoblmrwqkrd.supabase.co/storage/v1/object/public/car-images/c480e9df-b8cf-4948-a46e-16c63b71ac35/8ea161c4-e7d5-460b-9a2b-f27e556c123a-full.webp","Baby Girl","2022 Dodge Challenger","PINKLDY"
"https://cctbtkwwwcoblmrwqkrd.supabase.co/storage/v1/object/public/car-images/3e7ffab9-66f6-4cd0-b6b1-bf3d53e0aa5c/d43355e1-fb87-4524-b35b-4dd1f1302de6-full.webp","Bryce's CRX","1988 Honda CRX Si","Bryce Rehder"
"https://cctbtkwwwcoblmrwqkrd.supabase.co/storage/v1/object/public/car-images/75d523f5-8b1e-4df6-aaee-7f4641e7381a/f074ab9b-9b04-4f03-9816-34d03bfafaa3-full.webp","Clifford","1999 Ford F350","Okest-Derp"
"https://cctbtkwwwcoblmrwqkrd.supabase.co/storage/v1/object/public/car-images/9e810e2e-eea4-4b21-955c-ab86c92ad192/f80e11f8-f001-4a59-a169-7893cf2df294-full.webp","Toastie","2003 Honda Element","Brave Little Toaster"
"https://cctbtkwwwcoblmrwqkrd.supabase.co/storage/v1/object/public/car-images/bcd90194-a32f-4ffd-8647-814ecd68387e/b963af76-33c7-48a4-b6c6-20100f50e271-full.webp","Eurodzl","2000 Volkswagen  Jetta","ThatVW-AUDIguy"
"https://cctbtkwwwcoblmrwqkrd.supabase.co/storage/v1/object/public/car-images/17afda06-3003-4ede-a084-37389fc1b009/1760127035086-full-1761009027181.webp","Jeep Scrambler","1981 Jeep Cj8","Jared"
"https://cctbtkwwwcoblmrwqkrd.supabase.co/storage/v1/object/public/car-images/3c917beb-1661-4702-a166-bcca6bd6c09a/913480b3-ad4f-40f9-9e68-ac5b5b67f518-full.webp","La Icsunonova","1974 Fiat X 1/9","Dan Leeaphon"
"https://cctbtkwwwcoblmrwqkrd.supabase.co/storage/v1/object/public/car-images/7bd4b35d-7a59-48e2-b643-0f516b9e3ae7/bfc8e815-5f3f-4cd0-a2fa-e60663d47923-full.webp","2004 Vw Jetta","2004 Vw Jetta","Gary moe"
"https://cctbtkwwwcoblmrwqkrd.supabase.co/storage/v1/object/public/car-images/69bb2848-289a-447c-a767-e0ebb1b95af6/bad21927-a40a-41a2-9543-e472140708dd-full.webp","Yokaze","2005 Honda Civic VP Sedan","Yokaze"
"https://cctbtkwwwcoblmrwqkrd.supabase.co/storage/v1/object/public/car-images/d3fe01a5-3e93-4aff-b4a9-9f309538a929/c4cad130-1af5-4526-9941-11e643a4ba3d-full.webp","Barra Fox","1988 Ford Mustang","Ginger Tuned"
"https://cctbtkwwwcoblmrwqkrd.supabase.co/storage/v1/object/public/car-images/01e75525-14d2-4533-8f35-54b4ac68a20e/f8dcb375-7620-4581-a743-d4891ade8d62-full.webp","PIMA","2000 Lincoln Town Car","Myriad Motorsports"
"https://cctbtkwwwcoblmrwqkrd.supabase.co/storage/v1/object/public/car-images/7a63a943-86b0-4e4f-9429-ab5d8b79b4a1/f883d5d0-8b3a-4070-aa26-27496b7b15ed-full.webp","Hollie","2005 Subaru WRX STI","Mr.Beefy"
"https://cctbtkwwwcoblmrwqkrd.supabase.co/storage/v1/object/public/car-images/b4a2d7e6-5495-4f0d-86b2-93a48e08c0cc/2ca45c1c-ada9-41b8-9b3b-14d419190e14-full.webp","Shelf 1500","1986 Honda Civic","James H"
"https://cctbtkwwwcoblmrwqkrd.supabase.co/storage/v1/object/public/car-images/bcd90194-a32f-4ffd-8647-814ecd68387e/6154936a-54dc-4dc9-a4a9-c05d246bb32f-full.webp","Rwdys4","2004 Audi S4","ThatVW-AUDIguy"
"https://cctbtkwwwcoblmrwqkrd.supabase.co/storage/v1/object/public/car-images/bcd90194-a32f-4ffd-8647-814ecd68387e/16c48cd3-2ea9-4ae0-bc26-b17b77d01a62-full.webp","Slowdub","2015 Volkswagen Jetta","ThatVW-AUDIguy"
"https://cctbtkwwwcoblmrwqkrd.supabase.co/storage/v1/object/public/car-images/01e75525-14d2-4533-8f35-54b4ac68a20e/372a111f-5ec5-4451-8b11-e9c4bafe3ca5-full.webp","Lake Myriad","2005 Land Rover LR3","Jake"
"https://cctbtkwwwcoblmrwqkrd.supabase.co/storage/v1/object/public/car-images/3c917beb-1661-4702-a166-bcca6bd6c09a/913480b3-ad4f-40f9-9e68-ac5b5b67f518-full.webp","La Icsunonova","1974 Fiat X 1/9","Dan Leeaphon"
"https://cctbtkwwwcoblmrwqkrd.supabase.co/storage/v1/object/public/car-images/a18141e0-01da-4819-854c-d224a897e2d7/e76751d9-2a85-4879-ae38-ab1d9d604791-full.webp","2012 Audi A4 Avant","2012 Audi A4 Avant","Ty Pritchard"
"https://cctbtkwwwcoblmrwqkrd.supabase.co/storage/v1/object/public/car-images/5805cb7d-bfab-415f-b517-e88a708450c3/1761008869189-0-full-1761009053627.webp","EG Resto Flip","1992 Civic Hatchback CX","Bryce Rehder"
"https://cctbtkwwwcoblmrwqkrd.supabase.co/storage/v1/object/public/car-images/22fb13e0-65a5-42c0-b1c5-5af7b9aa781f/1760983524279-2-full-1761009676876.webp","Junk hatch","1995 Honda Civic","Okest-Derp"
"https://cctbtkwwwcoblmrwqkrd.supabase.co/storage/v1/object/public/car-images/75d523f5-8b1e-4df6-aaee-7f4641e7381a/2e02e615-bc22-4dc5-b1e1-85571f2e4bb4-full.webp","Fake-R","2017 Honda Civic","Okest-Derp"
"https://cctbtkwwwcoblmrwqkrd.supabase.co/storage/v1/object/public/car-images/1e8310ef-8422-403c-a7c2-20f644b16dcb/4a93097e-97e1-4587-a32e-80e05d261195-full-1761009671351.webp","The lude","1992 Honda Prelude","Okest-Derp"
"https://cctbtkwwwcoblmrwqkrd.supabase.co/storage/v1/object/public/car-images/694b14c3-99d0-4733-9732-aebd03085d2b/ce31d3ff-b330-4019-92ab-63fcd0cab2ad-full-1761009000300.webp","H-bomb","1997 Honda Civic","Okest-Derp"
"https://cctbtkwwwcoblmrwqkrd.supabase.co/storage/v1/object/public/car-images/87ae32e8-bca9-432a-a42b-bfddb72b9b6f/1760897078800-0-full-1761009662696.webp","out of time","1985 DMC DeLorean","Okest-Derp"
"https://cctbtkwwwcoblmrwqkrd.supabase.co/storage/v1/object/public/car-images/bf0026c0-3365-4181-a3da-085be2a8db35/1760849289353-0-full-1761009665140.webp","Junker","1971 Honda CB450","Jake"
"https://cctbtkwwwcoblmrwqkrd.supabase.co/storage/v1/object/public/car-images/e6314a41-c60b-4de0-bbe5-f4ec28936613/1760796319863-0-full-1761009657768.webp","2014 Subaru Wrx","2014 Subaru Wrx","Eric_dc2_peterson"
"https://cctbtkwwwcoblmrwqkrd.supabase.co/storage/v1/object/public/car-images/de49cfeb-52ca-416a-9606-646682eebfcf/1760796145669-0-full-1761009656036.webp","1997 Acura  Integra","1997 Acura  Integra","Eric_dc2_peterson"
"https://cctbtkwwwcoblmrwqkrd.supabase.co/storage/v1/object/public/car-images/e4785827-9da1-4041-ad1b-660331a08a1f/1760795956835-0-full-1761009654539.webp","2001 Acura Integra","2001 Acura Integra","Eric_dc2_peterson"
"https://cctbtkwwwcoblmrwqkrd.supabase.co/storage/v1/object/public/car-images/f7b8d242-affd-4210-ae11-78bd41d730ce/1760753664409-0-full-1761009633720.webp","Shirley","1998 Honda Prelude","Keaten Z"
"https://cctbtkwwwcoblmrwqkrd.supabase.co/storage/v1/object/public/car-images/c09e411b-8e20-4105-878f-479e05ccc4c1/1760747003696-0-full-1761009626066.webp","1977 International Harvester Super Scout II","1977 International Harvester Super Scout II","Chris M"
"https://cctbtkwwwcoblmrwqkrd.supabase.co/storage/v1/object/public/car-images/a165fe03-d0b9-44f2-a744-bdc43bf787b0/1760705504150-0-full-1761009609675.webp","Da9","1993 Acura Integra","Alwin Racing"
"https://cctbtkwwwcoblmrwqkrd.supabase.co/storage/v1/object/public/car-images/3c34e07f-8793-4c2e-b10b-ff8bc808120b/1760684095337-0-full-1761009590324.webp","April","2003 Honda S2000","FD3S"
"https://cctbtkwwwcoblmrwqkrd.supabase.co/storage/v1/object/public/car-images/32eb0c2f-1ab1-451a-93fc-e9a4e553d7a0/1760676871715-0-full-1761009564303.webp","Van-essa","2007 Honda Odyssey","Robert"
"https://cctbtkwwwcoblmrwqkrd.supabase.co/storage/v1/object/public/car-images/842e0b4b-fadc-4a89-b146-304cb3caa0b6/1760673971898-0-full-1761009019105.webp","Myriad #32 GLTC","2001 Honda S2000","Jake"
"https://cctbtkwwwcoblmrwqkrd.supabase.co/storage/v1/object/public/car-images/f0af57f6-efd5-4860-a5bf-e387b5ca8019/1760668229942-0-full-1761009503557.webp","Sonic","1998 Honda  Civic","Vr6civic"
"https://cctbtkwwwcoblmrwqkrd.supabase.co/storage/v1/object/public/car-images/77c11dac-1c86-45f7-9685-b6098c7f9940/1760667093359-0-full-1761009550096.webp","2000 Honda Civic","2000 Honda Civic","Robert"
"https://cctbtkwwwcoblmrwqkrd.supabase.co/storage/v1/object/public/car-images/c0090a4a-466b-4a46-961d-7b4fc95ee1f2/f0a7855e-a5e9-4fb6-b88c-b61ff67b0b66-full-1761009486916.webp","The Toaster","1993 Honda Civic","Turbo Toaster"
"https://cctbtkwwwcoblmrwqkrd.supabase.co/storage/v1/object/public/car-images/0e827fd6-52fe-4f4b-9042-34906eb5e0cc/a93635c2-e14d-454d-878d-ebc604430170-full-1761009478385.webp","Hard R","2024 Honda Civic Type R","Kenny"
"https://cctbtkwwwcoblmrwqkrd.supabase.co/storage/v1/object/public/car-images/e9753570-f618-4321-8209-367755bc8135/1760589442487-0-full-1761009017472.webp","1985 Toyota  Land Cruiser FJ60","1985 Toyota  Land Cruiser FJ60","Chris M"
"https://cctbtkwwwcoblmrwqkrd.supabase.co/storage/v1/object/public/car-images/1101886e-2596-405e-9ec4-a8c52c5e26bc/1760587001204-0-full-1761009449782.webp","Telliot","1975 International  Scout II","Chris M"
"https://cctbtkwwwcoblmrwqkrd.supabase.co/storage/v1/object/public/car-images/0114afb2-1b7e-42e5-93ed-f81a4dcffbe5/1760582888413-0-full-1761009298806.webp","Milf slayer","1998 Harley Dyna","Cody"
"https://cctbtkwwwcoblmrwqkrd.supabase.co/storage/v1/object/public/car-images/8e16fa1b-88b7-45bf-aa99-dfc824970f8c/1760582301237-0-full-1761009217496.webp","Kanjo hatch","1991 Honda Civic","Cody"
"https://cctbtkwwwcoblmrwqkrd.supabase.co/storage/v1/object/public/car-images/4b00ce56-802b-48e2-81e1-f2e7d022ffce/029644be-9364-4f2b-880d-b1529f6656c2-full.webp","2011 Honda Accord","2011 Honda Accord","Taylor"
"https://cctbtkwwwcoblmrwqkrd.supabase.co/storage/v1/object/public/car-images/694b14c3-99d0-4733-9732-aebd03085d2b/ce31d3ff-b330-4019-92ab-63fcd0cab2ad-full-1761009000300.webp","H-bomb","1997 Honda Civic","Okest-Derp"
"https://cctbtkwwwcoblmrwqkrd.supabase.co/storage/v1/object/public/car-images/c09e411b-8e20-4105-878f-479e05ccc4c1/1760747003696-0-full-1761009626066.webp","1977 International Harvester Super Scout II","1977 International Harvester Super Scout II","Chris M"
"https://cctbtkwwwcoblmrwqkrd.supabase.co/storage/v1/object/public/car-images/cc072ef9-e6e5-4cf7-a5f9-e0837969483a/1760578053229-0-full-1761008986415.webp","Landypants","1991 Land Rover County SWB","Mo"
"https://cctbtkwwwcoblmrwqkrd.supabase.co/storage/v1/object/public/car-images/e9753570-f618-4321-8209-367755bc8135/1760589442487-0-full-1761009017472.webp","1985 Toyota  Land Cruiser FJ60","1985 Toyota  Land Cruiser FJ60","Chris M"
"https://cctbtkwwwcoblmrwqkrd.supabase.co/storage/v1/object/public/car-images/18384f8f-48ac-49ed-abdc-b066eddc9f02/125fa4f5-a4f2-49f4-aba5-fff9b93e5d8a-full.webp","Riceconsumer","2023 Chevrolet Corvette","No rice"
"https://cctbtkwwwcoblmrwqkrd.supabase.co/storage/v1/object/public/car-images/de49cfeb-52ca-416a-9606-646682eebfcf/1760796145669-0-full-1761009656036.webp","1997 Acura  Integra","1997 Acura  Integra","Eric_dc2_peterson"
"https://cctbtkwwwcoblmrwqkrd.supabase.co/storage/v1/object/public/car-images/0195a556-6c33-4f2f-90d5-7cb2846b7151/1760580784444-0-full-1761009214869.webp","Red","2018 Tesla Model 3","JJ"
"https://cctbtkwwwcoblmrwqkrd.supabase.co/storage/v1/object/public/car-images/32eb0c2f-1ab1-451a-93fc-e9a4e553d7a0/1760676871715-0-full-1761009564303.webp","Van-essa","2007 Honda Odyssey","Robert"
"https://cctbtkwwwcoblmrwqkrd.supabase.co/storage/v1/object/public/car-images/f496e010-358b-4619-a26e-87012e62145b/2b5f62c0-e42d-4da8-8e46-82135f9b62a4-full.webp","2019 Honda  Civic","2019 Honda  Civic","Thomas"
"https://cctbtkwwwcoblmrwqkrd.supabase.co/storage/v1/object/public/car-images/7c2f9eb1-3aad-41dd-8733-d4aee53ec36c/1760455932961-0-full-1761009207570.webp","Betty White","1990 Honda GL1500","Papa_joe"
"https://cctbtkwwwcoblmrwqkrd.supabase.co/storage/v1/object/public/car-images/bcd90194-a32f-4ffd-8647-814ecd68387e/6154936a-54dc-4dc9-a4a9-c05d246bb32f-full.webp","Rwdys4","2004 Audi S4","ThatVW-AUDIguy"
"https://cctbtkwwwcoblmrwqkrd.supabase.co/storage/v1/object/public/car-images/bf0026c0-3365-4181-a3da-085be2a8db35/1760849289353-0-full-1761009665140.webp","Junker","1971 Honda CB450","Jake"
"https://cctbtkwwwcoblmrwqkrd.supabase.co/storage/v1/object/public/car-images/dcc79342-d3e8-4d7a-b7ee-e466563e8bd4/1760384007883-0-full-1761009104387.webp","Ultra Violet","2016 Porsche  GT3RS","Valkyrie"
"https://cctbtkwwwcoblmrwqkrd.supabase.co/storage/v1/object/public/car-images/5c6c5eec-dd7e-4104-86c7-86e1b3af319c/1760331377412-0-full-1761008967924.webp","Brianna","1999 Honda Civic DX","Cody"
"https://cctbtkwwwcoblmrwqkrd.supabase.co/storage/v1/object/public/car-images/22fb13e0-65a5-42c0-b1c5-5af7b9aa781f/1760983524279-2-full-1761009676876.webp","Junk hatch","1995 Honda Civic","Okest-Derp"
"https://cctbtkwwwcoblmrwqkrd.supabase.co/storage/v1/object/public/car-images/0e827fd6-52fe-4f4b-9042-34906eb5e0cc/a93635c2-e14d-454d-878d-ebc604430170-full-1761009478385.webp","Hard R","2024 Honda Civic Type R","Kenny"
"https://cctbtkwwwcoblmrwqkrd.supabase.co/storage/v1/object/public/car-images/1e8310ef-8422-403c-a7c2-20f644b16dcb/4a93097e-97e1-4587-a32e-80e05d261195-full-1761009671351.webp","The lude","1992 Honda Prelude","Okest-Derp"
"https://cctbtkwwwcoblmrwqkrd.supabase.co/storage/v1/object/public/car-images/9f716c33-412b-4dd9-adb0-069315a3e271/1760400902914-0-full-1761009124762.webp","2019 Honda  Civic type R","2019 Honda  Civic type R","FK8k20c"
"https://cctbtkwwwcoblmrwqkrd.supabase.co/storage/v1/object/public/car-images/393628b1-d877-4bbf-8e1c-640f1c76f6c1/1760384593179-0-full-1761009106434.webp","G","2018 Mercedes Benz  G63 AMG","Valkyrie"
"https://cctbtkwwwcoblmrwqkrd.supabase.co/storage/v1/object/public/car-images/3c34e07f-8793-4c2e-b10b-ff8bc808120b/1760684095337-0-full-1761009590324.webp","April","2003 Honda S2000","FD3S"
"https://cctbtkwwwcoblmrwqkrd.supabase.co/storage/v1/object/public/car-images/bcd90194-a32f-4ffd-8647-814ecd68387e/16c48cd3-2ea9-4ae0-bc26-b17b77d01a62-full.webp","Slowdub","2015 Volkswagen Jetta","ThatVW-AUDIguy"
"https://cctbtkwwwcoblmrwqkrd.supabase.co/storage/v1/object/public/car-images/01c0e537-1e38-4c69-b33c-c70293540aad/1760411719753-0-full-1761009167031.webp","Babygirl.2","2000 Honda  S2000","Brandt39"
"https://cctbtkwwwcoblmrwqkrd.supabase.co/storage/v1/object/public/car-images/0114afb2-1b7e-42e5-93ed-f81a4dcffbe5/1760582888413-0-full-1761009298806.webp","Milf slayer","1998 Harley Dyna","Cody"
"https://cctbtkwwwcoblmrwqkrd.supabase.co/storage/v1/object/public/car-images/fc775d42-9ed8-4510-82c0-87429e988866/8fe4606f-e0e9-4663-b421-4227a8019b70-full.webp","Bimmy","2005 BMW 325i","datadelaurier"