"url","img_src","product-grid--title"
"https://www.roushperformance.com/collections/vehicles-archive/products/2024-roush-super-duty","https://www.roushperformance.com/cdn/shop/files/2024RoushSuperDuty_40.jpg?v=1744999571&width=1445","2024 Roush Super Duty (Job 2-3)"
"https://www.roushperformance.com/collections/vehicles-archive/products/2024-roush-super-duty-job-1","https://www.roushperformance.com/cdn/shop/files/Super_Duty_Web_Banner.jpg?v=1727796501&width=1445","2024 Roush Super Duty (Job 1)"
"https://www.roushperformance.com/collections/vehicles-archive/products/2023-slingshot%C2%AE-roush-edition","https://www.roushperformance.com/cdn/shop/files/2023-slg-us-roushedition-driving-2363Medium.jpg?v=1752515134&width=1445","2023 SLINGSHOTÂ® ROUSH EDITION"
"https://www.roushperformance.com/collections/vehicles-archive/products/2023-roush-trakpak-mustang","https://www.roushperformance.com/cdn/shop/files/RoushTrakPakLifestyleShoot39Medium.jpg?v=1752514585&width=1445","2023 Roush TrakPak Mustang"
"https://www.roushperformance.com/collections/vehicles-archive/products/2023-roush-super-duty","https://www.roushperformance.com/cdn/shop/files/MC4410Medium.jpg?v=1752514371&width=1445","2023 Roush Super Duty"
"https://www.roushperformance.com/collections/vehicles-archive/products/2023-roush-f-150","https://www.roushperformance.com/cdn/shop/files/348A9954-Edit.jpg?v=1752513611&width=1445","2023 Roush F-150"
"https://www.roushperformance.com/collections/vehicles-archive/products/2022-roush-trakpak-mustang","https://www.roushperformance.com/cdn/shop/files/Screenshot2024-02-14at11.23.52AM.png?v=1727728054&width=1445","2022 Roush TrakPak Mustang"
"https://www.roushperformance.com/collections/vehicles-archive/products/2022-roush-super-duty","https://www.roushperformance.com/cdn/shop/files/Screenshot2024-02-14at11.16.27AM.png?v=1727728068&width=1445","2022 Roush Super Duty"
"https://www.roushperformance.com/collections/vehicles-archive/products/2022-roush-ranger","https://www.roushperformance.com/cdn/shop/files/8F5A1192_3c525c55-1ec6-4c22-bf29-f9f9eee5f1ac.jpg?v=1727716368&width=1445","2022 Roush Ranger"
"https://www.roushperformance.com/collections/vehicles-archive/products/2022-roush-f-150","https://www.roushperformance.com/cdn/shop/files/22_F150_8.jpg?v=1727717353&width=1445","2022 Roush F-150"
"https://www.roushperformance.com/collections/vehicles-archive/products/2022-450r-mustang","https://www.roushperformance.com/cdn/shop/files/450R-1.jpg?v=1727726223&width=1445","2022 450R Mustang"
"https://www.roushperformance.com/collections/vehicles-archive/products/2021-roush-super-duty","https://www.roushperformance.com/cdn/shop/files/2021-Roush-Super-Duty.jpg?v=1727795306&width=1445","2021 Roush Super Duty"
"https://www.roushperformance.com/collections/vehicles-archive/products/2021-roush-stage-3-mustang","https://www.roushperformance.com/cdn/shop/files/2021-Roush_Stage3-Mustang.jpg?v=1727796046&width=1445","2021 ROUSH STAGE 3 MUSTANG"
"https://www.roushperformance.com/collections/vehicles-archive/products/2021-roush-ranger","https://www.roushperformance.com/cdn/shop/files/2021-Roush-Ranger.jpg?v=1701190312&width=1445","2021 Roush Ranger"
"https://www.roushperformance.com/collections/vehicles-archive/products/2021-roush-f-150","https://www.roushperformance.com/cdn/shop/files/2021-Ford-150.jpg?v=1701190570&width=1445","2021 ROUSH F-150"
"https://www.roushperformance.com/collections/vehicles-archive/products/2020-roush-super-duty","https://www.roushperformance.com/cdn/shop/files/2020-ROUSH-SUPER-DUTY.jpg?v=1727795678&width=1445","2020 Roush Super Duty"
"https://www.roushperformance.com/collections/vehicles-archive/products/2020-roush-stage-3-mustang","https://www.roushperformance.com/cdn/shop/files/2020-ROUSH-STAGE-3-MUSTANG.jpg?v=1701203929&width=1445","2020 ROUSH Stage 3 Mustang"
"https://www.roushperformance.com/collections/vehicles-archive/products/2020-roush-stage-2-mustang","https://www.roushperformance.com/cdn/shop/files/2020-ROUSH-STAGE-2-MUSTANG.jpg?v=1727796492&width=1445","2020 Roush Stage 2 Mustang"
"https://www.roushperformance.com/collections/vehicles-archive/products/2020-roush-raptor","https://www.roushperformance.com/cdn/shop/files/2020-ROUSH-RAPTOR.jpg?v=1727797039&width=1445","2020 Roush Raptor"
"https://www.roushperformance.com/collections/vehicles-archive/products/2020-roush-ranger","https://www.roushperformance.com/cdn/shop/files/2020-ROUSH-RANGER.jpg?v=1727796268&width=1445","2020 Roush Ranger"
"https://www.roushperformance.com/collections/vehicles-archive/products/2020-roush-f-150-sc","https://www.roushperformance.com/cdn/shop/files/2020-ROUSH-F-150-SC.jpg?v=1727795695&width=1445","2020 ROUSH F-150 SC"
"https://www.roushperformance.com/collections/vehicles-archive/products/2020-roush-f-150-nitemare","https://www.roushperformance.com/cdn/shop/files/2020-ROUSH-F-150-NITEMARE.jpg?v=1727796180&width=1445","2020 ROUSH F-150 NITEMARE"
"https://www.roushperformance.com/collections/vehicles-archive/products/2020-roush-f-150-5-11-tactical-edition","https://www.roushperformance.com/cdn/shop/files/2020-ROUSH-F-150-5.11-TACTICAL-EDITION.jpg?v=1701199482&width=1445","2020 ROUSH F-150 5.11 TACTICAL EDITION"
"https://www.roushperformance.com/collections/vehicles-archive/products/2020-roush-f-150","https://www.roushperformance.com/cdn/shop/files/2020-ROUSH-F-150.jpg?v=1727796064&width=1445","2020 ROUSH F-150"
"https://www.roushperformance.com/collections/vehicles-archive/products/2020-jack-roush-edition-mustang","https://www.roushperformance.com/cdn/shop/files/2020-JACK-ROUSH-EDITION-MUSTANG.jpg?v=1727796345&width=1445","2020 Jack Roush Edition Mustang"
"https://www.roushperformance.com/collections/vehicles-archive/products/2019-roush-super-duty","https://www.roushperformance.com/cdn/shop/files/2019-ROUSH-SUPER-DUTY.jpg?v=1701277011&width=1445","2019 Roush Super Duty"
"https://www.roushperformance.com/collections/vehicles-archive/products/2019-roush-stage-3-mustang","https://www.roushperformance.com/cdn/shop/files/2019-ROUSH-STAGE-3-MUSTANG.jpg?v=1701276338&width=1445","2019 Roush Stage 3 Mustang"
"https://www.roushperformance.com/collections/vehicles-archive/products/2019-roush-stage-2-mustang","https://www.roushperformance.com/cdn/shop/files/2019-ROUSH-STAGE-2-MUSTANG.jpg?v=1701275697&width=1445","2019 Roush Stage 2 Mustang"
"https://www.roushperformance.com/collections/vehicles-archive/products/2019-roush-stage-1-mustang","https://www.roushperformance.com/cdn/shop/files/2019-ROUSH-STAGE-1-MUSTANG.jpg?v=1701210262&width=1445","2019 Roush Stage 1 Mustang"
"https://www.roushperformance.com/collections/vehicles-archive/products/2019-roush-raptor","https://www.roushperformance.com/cdn/shop/files/2019-ROUSH-RAPTOR.jpg?v=1727796234&width=1445","2019 Roush Raptor"
"https://www.roushperformance.com/collections/vehicles-archive/products/2019-roush-f-150-sport","https://www.roushperformance.com/cdn/shop/files/2019-ROUSH-F-150-SPORT.jpg?v=1701209017&width=1445","2019 Roush F-150 Sport"
"https://www.roushperformance.com/collections/vehicles-archive/products/2019-roush-f-150-sc","https://www.roushperformance.com/cdn/shop/files/2019-ROUSH-F-150-SC.jpg?v=1727796207&width=1445","2019 Roush F-150 SC"
"https://www.roushperformance.com/collections/vehicles-archive/products/2019-roush-f-150-nitemare","https://www.roushperformance.com/cdn/shop/files/2019-nitemare-f150-lifestyle-2000px_241e013d-8cbf-41c4-a77e-51c927f879a6.jpg?v=1727795238&width=1445","2019 ROUSH F-150 NITEMARE"
"https://www.roushperformance.com/collections/vehicles-archive/products/2019-roush-f-150","https://www.roushperformance.com/cdn/shop/files/2019-ROUSH-F-150.jpg?v=1727796422&width=1445","2019 ROUSH F-150"
"https://www.roushperformance.com/collections/vehicles-archive/products/2018-roush-super-duty-f-250","https://www.roushperformance.com/cdn/shop/files/2018_ROUSH_SUPER_DUTY_F-250.jpg?v=1701717339&width=1445","2018 Roush SUPER DUTY F-250"
"https://www.roushperformance.com/collections/vehicles-archive/products/2018-roush-stage-2-mustang","https://www.roushperformance.com/cdn/shop/files/2018-ROUSH_STAGE_2_MUSTANG.jpg?v=1701710714&width=1445","2018 Roush STAGE 2 MUSTANG"
"https://www.roushperformance.com/collections/vehicles-archive/products/2018-roush-stage-1-mustang","https://www.roushperformance.com/cdn/shop/files/2018_ROUSH_STAGE_1_MUSTANG.jpg?v=1701710272&width=1445","2018 ROUSH STAGE 1 MUSTANG"
"https://www.roushperformance.com/collections/vehicles-archive/products/2018-roush-raptor","https://www.roushperformance.com/cdn/shop/files/2018_ROUSH_RAPTOR.jpg?v=1701709820&width=1445","2018 Roush RAPTOR"
"https://www.roushperformance.com/collections/vehicles-archive/products/2018-roush-jackhammer-mustang","https://www.roushperformance.com/cdn/shop/files/2018_ROUSH_JACKHAMMER_MUSTANG.jpg?v=1701708973&width=1445","2018 Roush JACKHAMMER MUSTANG"
"https://www.roushperformance.com/collections/vehicles-archive/products/2018-roush-f-150-sport","https://www.roushperformance.com/cdn/shop/files/2018_ROUSH_F-150_SPORT.jpg?v=1701707769&width=1445","2018 ROUSH F-150 SPORT"
"https://www.roushperformance.com/collections/vehicles-archive/products/2018-roush-f-150-sc","https://www.roushperformance.com/cdn/shop/files/2018_ROUSH_F-150_SC.jpg?v=1727795867&width=1445","2018 Roush F-150 SC"
"https://www.roushperformance.com/collections/vehicles-archive/products/2018-roush-f-150-nitemare","https://www.roushperformance.com/cdn/shop/files/2018_ROUSH_F-150_NITEMARE.jpg?v=1727796402&width=1445","2018 ROUSH F-150 NITEMARE"
"https://www.roushperformance.com/collections/vehicles-archive/products/2018-roush-f-150","https://www.roushperformance.com/cdn/shop/files/2018_ROUSH_F-150.jpg?v=1701702707&width=1445","2018 ROUSH F-150"
"https://www.roushperformance.com/collections/vehicles-archive/products/2017-roush-raptor","https://www.roushperformance.com/cdn/shop/files/2017_ROUSH_RAPTOR.jpg?v=1701728207&width=1445","2017 Roush RAPTOR"
"https://www.roushperformance.com/collections/vehicles-archive/products/2017-roush-p-51-mustang","https://www.roushperformance.com/cdn/shop/files/2017_ROUSH_P-51_MUSTANG.jpg?v=1701721868&width=1445","2017 Roush P-51 MUSTANG"
"https://www.roushperformance.com/collections/vehicles-archive/products/2017-roush-nitemare-f-150","https://www.roushperformance.com/cdn/shop/files/2017_ROUSH_NITEMARE_F-150.jpg?v=1701727900&width=1445","2017 Roush NITEMARE F-150"
"https://www.roushperformance.com/collections/vehicles-archive/products/2017-roush-f-150-sc","https://www.roushperformance.com/cdn/shop/files/2017_ROUSH_F-150_SC.jpg?v=1701727564&width=1445","2017 Roush F-150 SC"
"https://www.roushperformance.com/collections/vehicles-archive/products/2017-roush-f-150","https://www.roushperformance.com/cdn/shop/files/2017_ROUSH_F-150.jpg?v=1701727111&width=1445","2017 Roush F-150"
"https://www.roushperformance.com/collections/vehicles-archive/products/2017-mustang-stage-3","https://www.roushperformance.com/cdn/shop/files/2017_MUSTANG_STAGE_3.jpg?v=1701722249&width=1445","2017 MUSTANG STAGE 3"
"https://www.roushperformance.com/collections/vehicles-archive/products/2017-mustang-stage-2","https://www.roushperformance.com/cdn/shop/files/2017_MUSTANG_STAGE_2.jpg?v=1701722667&width=1445","2017 MUSTANG STAGE 2"
"https://www.roushperformance.com/collections/vehicles-archive/products/2017-mustang-stage-1","https://www.roushperformance.com/cdn/shop/files/2017_MUSTANG_STAGE_1.jpg?v=1701723131&width=1445","2017 MUSTANG STAGE 1"
"https://www.roushperformance.com/collections/vehicles-archive/products/2017-mustang-rs","https://www.roushperformance.com/cdn/shop/files/2017_MUSTANG_RS.jpg?v=1701723484&width=1445","2017 MUSTANG RS"
"https://www.roushperformance.com/collections/vehicles-archive/products/2017-mustang-roushcharged","https://www.roushperformance.com/cdn/shop/files/2017_MUSTANG_ROUSHCHARGED.jpg?v=1701726843&width=1445","2017 MUSTANG ROUSHCHARGED"
"https://www.roushperformance.com/collections/vehicles-archive/products/2016-roush-f-150-sc","https://www.roushperformance.com/cdn/shop/files/2016_ROUSH_F-150_SC.jpg?v=1701794122&width=1445","2016 ROUSH F-150 SC"
"https://www.roushperformance.com/collections/vehicles-archive/products/2016-roush-f-150","https://www.roushperformance.com/cdn/shop/files/2016_ROUSH_F-150.jpg?v=1701793831&width=1445","2016 Roush F-150"
"https://www.roushperformance.com/collections/vehicles-archive/products/2016-mustang-stage-3","https://www.roushperformance.com/cdn/shop/files/2016_MUSTANG_STAGE_3.jpg?v=1701791355&width=1445","2016 MUSTANG STAGE 3"
"https://www.roushperformance.com/collections/vehicles-archive/products/2016-mustang-stage-2","https://www.roushperformance.com/cdn/shop/files/2016_MUSTANG_STAGE_2.jpg?v=1701791702&width=1445","2016 MUSTANG STAGE 2"
"https://www.roushperformance.com/collections/vehicles-archive/products/2016-mustang-stage-1","https://www.roushperformance.com/cdn/shop/files/2016_MUSTANG_STAGE_1.jpg?v=1701792176&width=1445","2016 MUSTANG STAGE 1"
"https://www.roushperformance.com/collections/vehicles-archive/products/2016-mustang-rs","https://www.roushperformance.com/cdn/shop/files/2016_MUSTANG_RS.jpg?v=1701794648&width=1445","2016 MUSTANG RS"