"url","img_src"
"https://tunedbyanton.com/dyno-results/12310/","https://tunedbyanton.com/wp-content/uploads/2023/09/s15-2-768x512.jpg"
"https://tunedbyanton.com/dyno-results/toyota-supra-4/","https://tunedbyanton.com/wp-content/uploads/2024/10/supra-768x512.jpg"
"https://tunedbyanton.com/dyno-results/hsv-maloo-r8-ve-turbocharged/","https://tunedbyanton.com/wp-content/uploads/2022/04/VEturbo-768x512.jpg"
"https://tunedbyanton.com/dyno-results/1000hp-toyota-supra/","https://tunedbyanton.com/wp-content/uploads/2024/09/Supra-4-768x512.jpg"
"https://tunedbyanton.com/dyno-results/bmw-e90-s54/","https://tunedbyanton.com/wp-content/uploads/2024/10/Amgh8r-6-768x512.webp"
"https://tunedbyanton.com/dyno-results/ford-fg-xr6t-stage-3/","https://tunedbyanton.com/wp-content/uploads/2023/03/fg-xr6t-768x512.jpg"
"https://tunedbyanton.com/dyno-results/mclaren-720s-stage-2-600kw/","https://tunedbyanton.com/wp-content/uploads/2025/07/McLaren-720S-5-768x512.webp"
"https://tunedbyanton.com/dyno-results/nissan-r34-gtr/","https://tunedbyanton.com/wp-content/uploads/2022/04/R34GTR-768x512.jpg"
"https://tunedbyanton.com/dyno-results/toyota-supra-3/","https://tunedbyanton.com/wp-content/uploads/2022/07/Don-Supra-1-768x512.jpg"
"https://tunedbyanton.com/dyno-results/mustang-gt-whipple/","https://tunedbyanton.com/wp-content/uploads/2022/04/IMG_1570-1620x1080-1-768x512.jpg"
"https://tunedbyanton.com/dyno-results/toyota-supra/","https://tunedbyanton.com/wp-content/uploads/2022/04/Supra-768x576.jpg"
"https://tunedbyanton.com/dyno-results/toyota-supra-mk4/","https://tunedbyanton.com/wp-content/uploads/2022/05/supra-768x512.jpg"
"https://tunedbyanton.com/dyno-results/nissan-skyline-r33-537kw/","https://tunedbyanton.com/wp-content/uploads/2023/07/R33-768x512.jpg"
"https://tunedbyanton.com/dyno-results/nissan-300zx/","https://tunedbyanton.com/wp-content/uploads/2022/04/300zx-1-768x512.jpg"
"https://tunedbyanton.com/dyno-results/toyota-supra-2/","https://tunedbyanton.com/wp-content/uploads/2022/05/Supragreen-768x512.jpg"
"https://tunedbyanton.com/dyno-results/jeep-srt/","https://tunedbyanton.com/wp-content/uploads/2022/04/SRT-768x512.jpg"
"https://tunedbyanton.com/dyno-results/mitsubishi-evolution-9/","https://tunedbyanton.com/wp-content/uploads/2022/04/Evo9-768x512.jpg"
"https://tunedbyanton.com/dyno-results/mitsubishi-evo-8-2/","https://tunedbyanton.com/wp-content/uploads/2022/05/Evo8-red2-768x512.jpg"
"https://tunedbyanton.com/dyno-results/nissan-skyline-r32-gtst/","https://tunedbyanton.com/wp-content/uploads/2022/05/R32GTST-768x363.jpg"
"https://tunedbyanton.com/dyno-results/mercedes-c63-507-weistec-supercharger/","https://tunedbyanton.com/wp-content/uploads/2025/09/MercC63W2042-768x512.webp"
"https://tunedbyanton.com/dyno-results/vf-gts-650hp/","https://tunedbyanton.com/wp-content/uploads/2024/09/VF-GTS-768x512.jpg"
"https://tunedbyanton.com/dyno-results/mitsubishi-evo-8-stage-3/","https://tunedbyanton.com/wp-content/uploads/2023/04/evo8-4-768x512.jpg"
"https://tunedbyanton.com/dyno-results/subaru-sti-my08/","https://tunedbyanton.com/wp-content/uploads/2022/04/STi_08-768x512.jpg"
"https://tunedbyanton.com/dyno-results/nissan-r32-gtr/","https://tunedbyanton.com/wp-content/uploads/2022/04/r32gtr-768x512.jpg"
"https://tunedbyanton.com/dyno-results/nissan-r34-gtt/","https://tunedbyanton.com/wp-content/uploads/2022/04/R34GTT-768x512.jpg"
"https://tunedbyanton.com/dyno-results/toyota-supra-2jz-gtw3884r-62mm/","https://tunedbyanton.com/wp-content/uploads/2023/12/Supra-768x512.jpg"
"https://tunedbyanton.com/dyno-results/mazda-rx7-2/","https://tunedbyanton.com/wp-content/uploads/2022/04/rx7-1-768x512.jpg"
"https://tunedbyanton.com/dyno-results/toyota-supra-mk4-2/","https://tunedbyanton.com/wp-content/uploads/2022/05/supra2-768x512.jpg"
"https://tunedbyanton.com/dyno-results/holden-commodore-vf-lsa/","https://tunedbyanton.com/wp-content/uploads/2022/04/VF-LSA-768x512.jpg"
"https://tunedbyanton.com/dyno-results/nissan-r32-gtr-2/","https://tunedbyanton.com/wp-content/uploads/2022/04/gtr-1-768x512.jpg"
"https://tunedbyanton.com/dyno-results/nissan-silvia-s13/","https://tunedbyanton.com/wp-content/uploads/2022/04/180sx-768x584.jpg"
"https://tunedbyanton.com/dyno-results/bmw-m3-e90-gintana-supercharger-stage3/","https://tunedbyanton.com/wp-content/uploads/2023/07/M3-E90-768x412.jpg"
"https://tunedbyanton.com/dyno-results/2024-bmw-g80-m3-stage-2-464kw/","https://tunedbyanton.com/wp-content/uploads/2025/06/M3-G801-768x416.webp"
"https://tunedbyanton.com/dyno-results/bmw-m3-e92-harrop-supercharger-440kw/","https://tunedbyanton.com/wp-content/uploads/2024/01/bmw-m3--768x438.jpg"
"https://tunedbyanton.com/dyno-results/bmw-120i-n54/","https://tunedbyanton.com/wp-content/uploads/2022/03/31902163_1111708128971762_5661074037829271552_n.jpg"
"https://tunedbyanton.com/dyno-results/holden-commodore-vs-ss-355-turbo/","https://tunedbyanton.com/wp-content/uploads/2023/01/VS-SS-768x512.jpg"
"https://tunedbyanton.com/dyno-results/mercedes-c63s-amg-upgraded-turbo/","https://tunedbyanton.com/wp-content/uploads/2022/08/IMG_3244-768x512.jpg"
"https://tunedbyanton.com/dyno-results/audi-rs3-8v/","https://tunedbyanton.com/wp-content/uploads/2022/03/audi-rs3-768x512.jpg"
"https://tunedbyanton.com/dyno-results/mitsubishi-lancer-ralliart/","https://tunedbyanton.com/wp-content/uploads/2024/01/Ralliart-768x512.jpg"
"https://tunedbyanton.com/dyno-results/subaru-sti-04/","https://tunedbyanton.com/wp-content/uploads/2022/04/04sti-768x512.jpg"
"https://tunedbyanton.com/dyno-results/toyota-supra-2jz-vvti/","https://tunedbyanton.com/wp-content/uploads/2022/12/Supra-768x512.jpg"
"https://tunedbyanton.com/dyno-results/nissan-silvia-1-5j/","https://tunedbyanton.com/wp-content/uploads/2022/10/S13-768x512.jpg"
"https://tunedbyanton.com/dyno-results/holden-ve-ss-l98-turbo/","https://tunedbyanton.com/wp-content/uploads/2025/04/VESS-768x512.webp"
"https://tunedbyanton.com/dyno-results/mitsubishi-evolution-8/","https://tunedbyanton.com/wp-content/uploads/2022/04/Evo8-768x512.jpg"
"https://tunedbyanton.com/dyno-results/audi-rs6-stage-2/","https://tunedbyanton.com/wp-content/uploads/2024/02/RS6-768x512.jpg"
"https://tunedbyanton.com/dyno-results/ford-fg-xr6/","https://tunedbyanton.com/wp-content/uploads/2022/04/XR6T-768x512.jpg"
"https://tunedbyanton.com/dyno-results/bmw-e30-m30/","https://tunedbyanton.com/wp-content/uploads/2022/04/E30-768x512.jpg"
"https://tunedbyanton.com/dyno-results/nissan-r35-gt-r-hks-gt800-dodson-gr6-ecutek/","https://tunedbyanton.com/wp-content/uploads/2025/07/IMG_4889-768x512.webp"
"https://tunedbyanton.com/dyno-results/holden-vl/","https://tunedbyanton.com/wp-content/uploads/2022/04/VL-768x512.jpg"
"https://tunedbyanton.com/dyno-results/bmw-m3-harrop-supercharger/","https://tunedbyanton.com/wp-content/uploads/2022/04/IMG_2042-1620x1080-1.jpg"
"https://tunedbyanton.com/dyno-results/mitsubishi-evo-9-2/","https://tunedbyanton.com/wp-content/uploads/2022/05/Evo9-1-768x512.jpg"
"https://tunedbyanton.com/dyno-results/supra-gtx3582-2jz/","https://tunedbyanton.com/wp-content/uploads/2024/02/Supra-768x512.jpg"
"https://tunedbyanton.com/dyno-results/nissan-silvia-s15-1jz/","https://tunedbyanton.com/wp-content/uploads/2022/12/S15-drift-car-768x512.jpg"
"https://tunedbyanton.com/dyno-results/mitsubishi-evo-7-motec/","https://tunedbyanton.com/wp-content/uploads/2023/11/Evo7-1-768x512.jpg"
"https://tunedbyanton.com/dyno-results/nissan-r35-gtr-stage-2/","https://tunedbyanton.com/wp-content/uploads/2023/11/R35-GTR-2-1-768x512.jpg"
"https://tunedbyanton.com/dyno-results/toyota-chaser-jzx100-g30-900/","https://tunedbyanton.com/wp-content/uploads/2024/07/jzx1002-768x1024.jpg"
"https://tunedbyanton.com/dyno-results/nissan-skyline-r33-gtr-motec/","https://tunedbyanton.com/wp-content/uploads/2024/12/GTR-R33-768x512.webp"
"https://tunedbyanton.com/dyno-results/toyota-cressida-1jz-swap/","https://tunedbyanton.com/wp-content/uploads/2024/10/cressida-2-768x512.webp"
"https://tunedbyanton.com/dyno-results/mitsubishi-evo-8/","https://tunedbyanton.com/wp-content/uploads/2022/04/evo9-2-768x512.jpg"
"https://tunedbyanton.com/dyno-results/mercedes-c63s/","https://tunedbyanton.com/wp-content/uploads/2022/04/C63S-768x512.jpg"
"https://tunedbyanton.com/dyno-results/toyota-supra-twin-turbo/","https://tunedbyanton.com/wp-content/uploads/2022/04/SupraTT-768x512.jpg"
"https://tunedbyanton.com/dyno-results/mitsubishi-evo-8-turbosmart-6466/","https://tunedbyanton.com/wp-content/uploads/2023/11/evo8-768x512.jpg"
"https://tunedbyanton.com/dyno-results/mitsubishi-evo-8-g30-900-374kw/","https://tunedbyanton.com/wp-content/uploads/2023/08/Evo8-768x512.jpg"
"https://tunedbyanton.com/dyno-results/mitsubishi-lancer-gsr/","https://tunedbyanton.com/wp-content/uploads/2022/04/lancer3GSR-768x512.jpg"
"https://tunedbyanton.com/dyno-results/ford-fg-xr50/","https://tunedbyanton.com/wp-content/uploads/2023/11/FG-XR50-768x512.jpg"
"https://tunedbyanton.com/dyno-results/nissan-r35-gtr-stage-1/","https://tunedbyanton.com/wp-content/uploads/2025/07/R35GTR-768x563.webp"
"https://tunedbyanton.com/dyno-results/holden-vz-crewman-6-2-harrop-supercharger/","https://tunedbyanton.com/wp-content/uploads/2025/10/crewman-768x512.webp"
"https://tunedbyanton.com/dyno-results/honda-integra-del-sol/","https://tunedbyanton.com/wp-content/uploads/2022/04/Integra-768x512.jpg"
"https://tunedbyanton.com/dyno-results/audi-rsq8-stage-2/","https://tunedbyanton.com/wp-content/uploads/2024/07/RSQ8-768x512.png"
"https://tunedbyanton.com/dyno-results/mercedes-c63s-amg/","https://tunedbyanton.com/wp-content/uploads/2022/05/c63s-768x512.jpg"
"https://tunedbyanton.com/dyno-results/mercedes-c63s-fl-stage-1/","https://tunedbyanton.com/wp-content/uploads/2025/10/c63s-768x512.webp"
"https://tunedbyanton.com/dyno-results/mitsubishi-evo7-g30-900psr-2-0lt/","https://tunedbyanton.com/wp-content/uploads/2024/11/evo72-768x512.webp"
"https://tunedbyanton.com/dyno-results/mitsubishi-evo-8-with-fp-red-journal-bearing/","https://tunedbyanton.com/wp-content/uploads/2024/09/evo-768x1024.jpg"
"https://tunedbyanton.com/dyno-results/toyota-supra-gr-stage-3/","https://tunedbyanton.com/wp-content/uploads/2023/01/SUPRA-GR-768x512.jpg"
"https://tunedbyanton.com/dyno-results/mercedes-gle63s-amg/","https://tunedbyanton.com/wp-content/uploads/2022/04/IMG_1897-1620x1080-1-768x512.jpg"
"https://tunedbyanton.com/dyno-results/mitsubishi-evo-7-turbosmart-6466/","https://tunedbyanton.com/wp-content/uploads/2024/07/Evo7ts6466-768x1024.png"
"https://tunedbyanton.com/dyno-results/mercedes-gle63s-amg-stage1/","https://tunedbyanton.com/wp-content/uploads/2022/12/GLE63S-768x512.jpg"
"https://tunedbyanton.com/dyno-results/bmw-335i-n54-highflow-turbos/","https://tunedbyanton.com/wp-content/uploads/2023/01/335i-2-768x512.jpg"
"https://tunedbyanton.com/dyno-results/r35-skyline-gtr-stage-2/","https://tunedbyanton.com/wp-content/uploads/2025/05/R35GTR2-768x512.webp"
"https://tunedbyanton.com/dyno-results/nissan-r32-gtst/","https://tunedbyanton.com/wp-content/uploads/2022/04/R32rb20-768x512.jpg"
"https://tunedbyanton.com/dyno-results/mercedes-s560-amg-stage-2-with-dump-valves/","https://tunedbyanton.com/wp-content/uploads/2024/05/S560-dp2-768x1024.jpg"
"https://tunedbyanton.com/dyno-results/lexus-is300-2jz-swap/","https://tunedbyanton.com/wp-content/uploads/2024/07/is300-768x576.jpg"
"https://tunedbyanton.com/dyno-results/mitsubishi-evo-8-with-fp-red-journal-bearing/","https://tunedbyanton.com/wp-content/uploads/2024/09/evo-768x1024.jpg"
"https://tunedbyanton.com/dyno-results/toyota-supra-gr-stage-3/","https://tunedbyanton.com/wp-content/uploads/2023/01/SUPRA-GR-768x512.jpg"
"https://tunedbyanton.com/dyno-results/mercedes-gle63s-amg/","https://tunedbyanton.com/wp-content/uploads/2022/04/IMG_1897-1620x1080-1-768x512.jpg"
"https://tunedbyanton.com/dyno-results/mitsubishi-evo-7-turbosmart-6466/","https://tunedbyanton.com/wp-content/uploads/2024/07/Evo7ts6466-768x1024.png"
"https://tunedbyanton.com/dyno-results/mercedes-gle63s-amg-stage1/","https://tunedbyanton.com/wp-content/uploads/2022/12/GLE63S-768x512.jpg"
"https://tunedbyanton.com/dyno-results/bmw-335i-n54-highflow-turbos/","https://tunedbyanton.com/wp-content/uploads/2023/01/335i-2-768x512.jpg"
"https://tunedbyanton.com/dyno-results/r35-skyline-gtr-stage-2/","https://tunedbyanton.com/wp-content/uploads/2025/05/R35GTR2-768x512.webp"
"https://tunedbyanton.com/dyno-results/nissan-r32-gtst/","https://tunedbyanton.com/wp-content/uploads/2022/04/R32rb20-768x512.jpg"
"https://tunedbyanton.com/dyno-results/mercedes-s560-amg-stage-2-with-dump-valves/","https://tunedbyanton.com/wp-content/uploads/2024/05/S560-dp2-768x1024.jpg"
"https://tunedbyanton.com/dyno-results/lexus-is300-2jz-swap/","https://tunedbyanton.com/wp-content/uploads/2024/07/is300-768x576.jpg"
"https://tunedbyanton.com/dyno-results/holden-commodore-ve-gts-walkinshaw/","https://tunedbyanton.com/wp-content/uploads/2024/01/VE-GTS-2-768x512.jpg"
"https://tunedbyanton.com/dyno-results/bmw-x6-m/","https://tunedbyanton.com/wp-content/uploads/2022/04/X6-M-768x512.jpg"
"https://tunedbyanton.com/dyno-results/450hp-nissan-skyline-drift-car/","https://tunedbyanton.com/wp-content/uploads/2024/09/IMG_4384-768x512.jpg"
"https://tunedbyanton.com/dyno-results/holden-ve-hsv/","https://tunedbyanton.com/wp-content/uploads/2022/05/VE-HSV-768x512.jpg"
"https://tunedbyanton.com/dyno-results/ford-fg-f6-stage1/","https://tunedbyanton.com/wp-content/uploads/2023/01/FG-F6-768x512.jpg"
"https://tunedbyanton.com/dyno-results/mercedes-glc63s-amg/","https://tunedbyanton.com/wp-content/uploads/2022/04/GLC63f-scaled.jpg"
"https://tunedbyanton.com/dyno-results/nissan-200sx-s14/","https://tunedbyanton.com/wp-content/uploads/2022/05/s14-768x512.jpg"
"https://tunedbyanton.com/dyno-results/nissan-350z-turbocharged/","https://tunedbyanton.com/wp-content/uploads/2024/04/350Z-768x512.jpg"
"https://tunedbyanton.com/dyno-results/volkswagen-golf-r32/","https://tunedbyanton.com/wp-content/uploads/2022/04/R32golf-768x512.jpg"
"https://tunedbyanton.com/dyno-results/mitsubishi-evo-8-3/","https://tunedbyanton.com/wp-content/uploads/2022/08/Evo8-1-768x512.jpg"
"https://tunedbyanton.com/dyno-results/nissan-skyline-r32-gtst-rb25-swap/","https://tunedbyanton.com/wp-content/uploads/2024/04/R32-rb25-768x512.jpg"
"https://tunedbyanton.com/dyno-results/bmw-m4/","https://tunedbyanton.com/wp-content/uploads/2022/04/M4-768x512.jpg"
"https://tunedbyanton.com/dyno-results/ford-fg-f6/","https://tunedbyanton.com/wp-content/uploads/2022/04/FG-768x576.jpg"
"https://tunedbyanton.com/dyno-results/nissan-r32-gtr-9-twins/","https://tunedbyanton.com/wp-content/uploads/2022/06/R32-GTR-twin-9-768x512.jpg"
"https://tunedbyanton.com/dyno-results/bmw-m3-f80-stage-2-bootmod/","https://tunedbyanton.com/wp-content/uploads/2025/07/M3-F80-768x538.webp"
"https://tunedbyanton.com/dyno-results/nissan-skyline-r34-gtst/","https://tunedbyanton.com/wp-content/uploads/2023/07/R34-768x512.jpg"
"https://tunedbyanton.com/dyno-results/nissan-skyline-r33-driftcar/","https://tunedbyanton.com/wp-content/uploads/2023/11/R33driftcar-2-768x512.jpg"
"https://tunedbyanton.com/dyno-results/nissan-skyline-r32-gtr-trust-t517/","https://tunedbyanton.com/wp-content/uploads/2023/04/R32GTR-768x576.jpg"
"https://tunedbyanton.com/dyno-results/holden-commodore-ss-vf/","https://tunedbyanton.com/wp-content/uploads/2022/04/VFSS-768x512.jpg"
"https://tunedbyanton.com/dyno-results/honda-s2000/","https://tunedbyanton.com/wp-content/uploads/2022/04/s2k-768x512.jpg"
"https://tunedbyanton.com/dyno-results/nissan-350z/","https://tunedbyanton.com/wp-content/uploads/2022/04/350Z-1-768x512.jpg"
"https://tunedbyanton.com/dyno-results/nissan-silvia-s15/","https://tunedbyanton.com/wp-content/uploads/2022/05/S15-2-768x364.jpg"
"https://tunedbyanton.com/dyno-results/nissan-r32-gtr-9-twins/","https://tunedbyanton.com/wp-content/uploads/2022/06/R32-GTR-twin-9-768x512.jpg"
"https://tunedbyanton.com/dyno-results/bmw-m3-f80-stage-2-bootmod/","https://tunedbyanton.com/wp-content/uploads/2025/07/M3-F80-768x538.webp"
"https://tunedbyanton.com/dyno-results/nissan-skyline-r34-gtst/","https://tunedbyanton.com/wp-content/uploads/2023/07/R34-768x512.jpg"
"https://tunedbyanton.com/dyno-results/nissan-skyline-r33-driftcar/","https://tunedbyanton.com/wp-content/uploads/2023/11/R33driftcar-2-768x512.jpg"
"https://tunedbyanton.com/dyno-results/nissan-skyline-r32-gtr-trust-t517/","https://tunedbyanton.com/wp-content/uploads/2023/04/R32GTR-768x576.jpg"
"https://tunedbyanton.com/dyno-results/holden-commodore-ss-vf/","https://tunedbyanton.com/wp-content/uploads/2022/04/VFSS-768x512.jpg"
"https://tunedbyanton.com/dyno-results/honda-s2000/","https://tunedbyanton.com/wp-content/uploads/2022/04/s2k-768x512.jpg"
"https://tunedbyanton.com/dyno-results/nissan-350z/","https://tunedbyanton.com/wp-content/uploads/2022/04/350Z-1-768x512.jpg"
"https://tunedbyanton.com/dyno-results/nissan-silvia-s15/","https://tunedbyanton.com/wp-content/uploads/2022/05/S15-2-768x364.jpg"
"https://tunedbyanton.com/dyno-results/nissan-silvia-s15-314kw/","https://tunedbyanton.com/wp-content/uploads/2023/01/S15-6-768x512.jpg"
"https://tunedbyanton.com/dyno-results/audi-rs3-facelift-stage-2/","https://tunedbyanton.com/wp-content/uploads/2024/05/rs3-768x512.jpg"
"https://tunedbyanton.com/dyno-results/nissan-gtr-r35-stock/","https://tunedbyanton.com/wp-content/uploads/2023/01/R35-GTR-768x512.jpg"
"https://tunedbyanton.com/dyno-results/holden-monaro-cv8-harrop-htv2300/","https://tunedbyanton.com/wp-content/uploads/2025/10/cv8-3-768x512.webp"
"https://tunedbyanton.com/dyno-results/seadoo-260-rxpx/","https://tunedbyanton.com/wp-content/uploads/2022/04/RXPX2-768x329.jpg"
"https://tunedbyanton.com/dyno-results/bmw-535i-e34-turbo/","https://tunedbyanton.com/wp-content/uploads/2022/12/E342-768x512.jpg"
"https://tunedbyanton.com/dyno-results/nissan-silvia-s15-314kw/","https://tunedbyanton.com/wp-content/uploads/2023/01/S15-6-768x512.jpg"
"https://tunedbyanton.com/dyno-results/audi-rs3-facelift-stage-2/","https://tunedbyanton.com/wp-content/uploads/2024/05/rs3-768x512.jpg"
"https://tunedbyanton.com/dyno-results/nissan-gtr-r35-stock/","https://tunedbyanton.com/wp-content/uploads/2023/01/R35-GTR-768x512.jpg"
"https://tunedbyanton.com/dyno-results/holden-monaro-cv8-harrop-htv2300/","https://tunedbyanton.com/wp-content/uploads/2025/10/cv8-3-768x512.webp"
"https://tunedbyanton.com/dyno-results/seadoo-260-rxpx/","https://tunedbyanton.com/wp-content/uploads/2022/04/RXPX2-768x329.jpg"
"https://tunedbyanton.com/dyno-results/bmw-535i-e34-turbo/","https://tunedbyanton.com/wp-content/uploads/2022/12/E342-768x512.jpg"
"https://tunedbyanton.com/dyno-results/mercedes-gla45s-stage-1-tune/","https://tunedbyanton.com/wp-content/uploads/2024/01/GLA45S-4-768x512.jpg"
"https://tunedbyanton.com/dyno-results/bmw-e36-1jz-swapped/","https://tunedbyanton.com/wp-content/uploads/2024/03/E36-1JZ-768x512.jpg"
"https://tunedbyanton.com/dyno-results/subaru-wrx-gc8-308kw/","https://tunedbyanton.com/wp-content/uploads/2025/10/gc8-768x512.webp"
"https://tunedbyanton.com/dyno-results/holden-ve-ss-6-0lt-with-vortech-supercharger/","https://tunedbyanton.com/wp-content/uploads/2025/02/VE-Vortech3-768x1024.webp"
"https://tunedbyanton.com/dyno-results/nissan-r34-skyline-gtt/","https://tunedbyanton.com/wp-content/uploads/2024/10/R34gtt2-768x512.jpg"
"https://tunedbyanton.com/dyno-results/chrysler-300-srt-stage-1/","https://tunedbyanton.com/wp-content/uploads/2023/01/SRT-300-768x512.jpg"
"https://tunedbyanton.com/dyno-results/mercedes-c63-amg-sports-edition/","https://tunedbyanton.com/wp-content/uploads/2022/05/C63-768x512.jpg"
"https://tunedbyanton.com/dyno-results/mercedes-e55-amg/","https://tunedbyanton.com/wp-content/uploads/2022/11/E55-AMG-768x512.jpg"
"https://tunedbyanton.com/dyno-results/mercedes-c63-amg/","https://tunedbyanton.com/wp-content/uploads/2022/12/C63-768x512.jpg"
"https://tunedbyanton.com/dyno-results/nissan-180sx/","https://tunedbyanton.com/wp-content/uploads/2022/05/180sx-768x576.jpg"
"https://tunedbyanton.com/dyno-results/9507/","https://tunedbyanton.com/wp-content/uploads/2022/12/EvoSpite9-768x512.jpg"
"https://tunedbyanton.com/dyno-results/subaru-wrx-gc8-308kw/","https://tunedbyanton.com/wp-content/uploads/2025/10/gc8-768x512.webp"
"https://tunedbyanton.com/dyno-results/holden-ve-ss-6-0lt-with-vortech-supercharger/","https://tunedbyanton.com/wp-content/uploads/2025/02/VE-Vortech3-768x1024.webp"
"https://tunedbyanton.com/dyno-results/nissan-r34-skyline-gtt/","https://tunedbyanton.com/wp-content/uploads/2024/10/R34gtt2-768x512.jpg"
"https://tunedbyanton.com/dyno-results/chrysler-300-srt-stage-1/","https://tunedbyanton.com/wp-content/uploads/2023/01/SRT-300-768x512.jpg"
"https://tunedbyanton.com/dyno-results/mercedes-c63-amg-sports-edition/","https://tunedbyanton.com/wp-content/uploads/2022/05/C63-768x512.jpg"
"https://tunedbyanton.com/dyno-results/mercedes-e55-amg/","https://tunedbyanton.com/wp-content/uploads/2022/11/E55-AMG-768x512.jpg"
"https://tunedbyanton.com/dyno-results/mercedes-c63-amg/","https://tunedbyanton.com/wp-content/uploads/2022/12/C63-768x512.jpg"
"https://tunedbyanton.com/dyno-results/nissan-180sx/","https://tunedbyanton.com/wp-content/uploads/2022/05/180sx-768x576.jpg"
"https://tunedbyanton.com/dyno-results/9507/","https://tunedbyanton.com/wp-content/uploads/2022/12/EvoSpite9-768x512.jpg"
"https://tunedbyanton.com/dyno-results/ford-falcon-fg-xr6-stage-2/","https://tunedbyanton.com/wp-content/uploads/2023/03/FG-xr6-2-768x1152.jpg"
"https://tunedbyanton.com/dyno-results/mercedes-c63-w204-tune/","https://tunedbyanton.com/wp-content/uploads/2024/12/C63-768x512.webp"
"https://tunedbyanton.com/dyno-results/seadoo-300/","https://tunedbyanton.com/wp-content/uploads/2022/04/73324624_1568247723317798_1713785474016870400_n-768x512.jpg"
"https://tunedbyanton.com/dyno-results/mercedes-c63-2/","https://tunedbyanton.com/wp-content/uploads/2022/05/C63-red-768x512.jpg"
"https://tunedbyanton.com/dyno-results/ford-fg-falcon-phase-2-tune/","https://tunedbyanton.com/wp-content/uploads/2023/12/FG-768x512.jpg"
"https://tunedbyanton.com/dyno-results/holden-ve-ss/","https://tunedbyanton.com/wp-content/uploads/2022/05/IMG_3149-768x512.jpg"
"https://tunedbyanton.com/dyno-results/ford-falcon-fg-xr6-stage-2/","https://tunedbyanton.com/wp-content/uploads/2023/03/FG-xr6-2-768x1152.jpg"
"https://tunedbyanton.com/dyno-results/mercedes-c63-w204-tune/","https://tunedbyanton.com/wp-content/uploads/2024/12/C63-768x512.webp"
"https://tunedbyanton.com/dyno-results/seadoo-300/","https://tunedbyanton.com/wp-content/uploads/2022/04/73324624_1568247723317798_1713785474016870400_n-768x512.jpg"
"https://tunedbyanton.com/dyno-results/mercedes-c63-2/","https://tunedbyanton.com/wp-content/uploads/2022/05/C63-red-768x512.jpg"
"https://tunedbyanton.com/dyno-results/ford-fg-falcon-phase-2-tune/","https://tunedbyanton.com/wp-content/uploads/2023/12/FG-768x512.jpg"
"https://tunedbyanton.com/dyno-results/holden-ve-ss/","https://tunedbyanton.com/wp-content/uploads/2022/05/IMG_3149-768x512.jpg"
"https://tunedbyanton.com/dyno-results/ford-bf-f6/","https://tunedbyanton.com/wp-content/uploads/2022/10/BF-F6-768x512.jpg"
"https://tunedbyanton.com/dyno-results/nissan-silvia-s14/","https://tunedbyanton.com/wp-content/uploads/2022/11/S14greyy-768x512.jpg"
"https://tunedbyanton.com/dyno-results/bmw-335i/","https://tunedbyanton.com/wp-content/uploads/2022/03/bmw-335i-1620x1080-1-768x512.jpg"
"https://tunedbyanton.com/dyno-results/mitsubishi-evo-8-5/","https://tunedbyanton.com/wp-content/uploads/2023/06/evo8-2-768x512.jpg"
"https://tunedbyanton.com/dyno-results/toyota-supra-gr-a90/","https://tunedbyanton.com/wp-content/uploads/2022/06/GR-Supra-768x512.jpg"
"https://tunedbyanton.com/dyno-results/ford-laser/","https://tunedbyanton.com/wp-content/uploads/2022/08/Ford-Laser-768x512.jpg"
"https://tunedbyanton.com/dyno-results/bmw-335i/","https://tunedbyanton.com/wp-content/uploads/2022/03/bmw-335i-1620x1080-1-768x512.jpg"
"https://tunedbyanton.com/dyno-results/mitsubishi-evo-8-5/","https://tunedbyanton.com/wp-content/uploads/2023/06/evo8-2-768x512.jpg"
"https://tunedbyanton.com/dyno-results/toyota-supra-gr-a90/","https://tunedbyanton.com/wp-content/uploads/2022/06/GR-Supra-768x512.jpg"
"https://tunedbyanton.com/dyno-results/ford-laser/","https://tunedbyanton.com/wp-content/uploads/2022/08/Ford-Laser-768x512.jpg"
"https://tunedbyanton.com/dyno-results/holden-ve-ss-v/","https://tunedbyanton.com/wp-content/uploads/2022/08/VE-Commodore-768x512.jpg"
"https://tunedbyanton.com/dyno-results/mitsubishi-evo-7-gtpumps-712/","https://tunedbyanton.com/wp-content/uploads/2023/11/Evo7-768x512.jpg"
"https://tunedbyanton.com/dyno-results/ford-mustang-gt/","https://tunedbyanton.com/wp-content/uploads/2022/04/Mustang-GT-NA-768x512.jpg"
"https://tunedbyanton.com/dyno-results/mazda-rx7/","https://tunedbyanton.com/wp-content/uploads/2022/04/RX7s6-1-768x512.jpg"
"https://tunedbyanton.com/dyno-results/bmw-m140-stage-2/","https://tunedbyanton.com/wp-content/uploads/2023/08/M140-768x512.jpg"
"https://tunedbyanton.com/dyno-results/toyota-supra-a90-stage-2/","https://tunedbyanton.com/wp-content/uploads/2025/07/SupraA902-768x512.webp"
"https://tunedbyanton.com/dyno-results/bmw-135i-e82-stage-3/","https://tunedbyanton.com/wp-content/uploads/2023/04/135i-1-768x512.jpg"
"https://tunedbyanton.com/dyno-results/lexus-isf-stage-1/","https://tunedbyanton.com/wp-content/uploads/2023/02/ISF4-768x512.jpg"
"https://tunedbyanton.com/dyno-results/mitsubishi-evo-x-emtron/","https://tunedbyanton.com/wp-content/uploads/2023/12/EvoX-768x512.jpg"
"https://tunedbyanton.com/dyno-results/subaru-wrx/","https://tunedbyanton.com/wp-content/uploads/2022/04/GC8-768x512.jpg"
"https://tunedbyanton.com/dyno-results/bmw-335i-e90-stage-3/","https://tunedbyanton.com/wp-content/uploads/2025/03/335i-E90-768x512.webp"
"https://tunedbyanton.com/dyno-results/audi-rs3-stage-2/","https://tunedbyanton.com/wp-content/uploads/2022/09/RS3-17-1-768x512.jpg"
"https://tunedbyanton.com/dyno-results/mustang-gt-5-0-coyote-stage-1/","https://tunedbyanton.com/wp-content/uploads/2025/03/Mustang-5-768x512.webp"
"https://tunedbyanton.com/dyno-results/bmw-335i-e90-stage-3/","https://tunedbyanton.com/wp-content/uploads/2025/03/335i-E90-768x512.webp"
"https://tunedbyanton.com/dyno-results/bmw-140i-stage-2-bm3/","https://tunedbyanton.com/wp-content/uploads/2023/12/M140i-768x512.jpg"
"https://tunedbyanton.com/dyno-results/bmw-540i-stage-2/","https://tunedbyanton.com/wp-content/uploads/2023/11/540i-768x512.jpg"
"https://tunedbyanton.com/dyno-results/bmw-m3-2/","https://tunedbyanton.com/wp-content/uploads/2022/04/E92-M3-scaled-1-768x512.jpg"
"https://tunedbyanton.com/dyno-results/mitsubishi-evo-8-stage-2/","https://tunedbyanton.com/wp-content/uploads/2023/04/Evo8-768x512.jpg"
"https://tunedbyanton.com/dyno-results/ford-fg-falcon-stage-1/","https://tunedbyanton.com/wp-content/uploads/2024/11/fg1-768x512.webp"
"https://tunedbyanton.com/dyno-results/mitsubishi-evo-7-with-hks-7460-gsc-s1-cams/","https://tunedbyanton.com/wp-content/uploads/2024/11/evo82-768x512.webp"
"https://tunedbyanton.com/dyno-results/mercedes-a45-amg/","https://tunedbyanton.com/wp-content/uploads/2022/04/A45-768x512.jpg"
"https://tunedbyanton.com/dyno-results/bmw-340i-stage-2/","https://tunedbyanton.com/wp-content/uploads/2022/06/340i-F30-768x512.jpg"
"https://tunedbyanton.com/dyno-results/nissan-silvia-s14-2/","https://tunedbyanton.com/wp-content/uploads/2022/12/S14-768x512.jpg"
"https://tunedbyanton.com/dyno-results/bmw-135i/","https://tunedbyanton.com/wp-content/uploads/2022/04/135i-768x512.jpg"
"https://tunedbyanton.com/dyno-results/bmw-m140i-stage-1/","https://tunedbyanton.com/wp-content/uploads/2022/12/M140-768x512.jpg"
"https://tunedbyanton.com/dyno-results/nissan-stagea/","https://tunedbyanton.com/wp-content/uploads/2023/01/Stagea-768x512.jpg"
"https://tunedbyanton.com/dyno-results/mitsubishi-evo7/","https://tunedbyanton.com/wp-content/uploads/2023/04/Evo7-768x512.jpg"
"https://tunedbyanton.com/dyno-results/mercedes-c43-amg-stage-1-tune/","https://tunedbyanton.com/wp-content/uploads/2023/11/C43amg-768x512.jpg"
"https://tunedbyanton.com/dyno-results/volkswagen-golf-r-mk7-5r-stage-2-performance-package/","https://tunedbyanton.com/wp-content/uploads/2025/02/mk75r-hoist3-768x1024.webp"
"https://tunedbyanton.com/dyno-results/holden-vy-ss-5-7/","https://tunedbyanton.com/wp-content/uploads/2023/07/VYSS-768x512.jpg"
"https://tunedbyanton.com/dyno-results/2011-bmw-135i-n55-stage-3/","https://tunedbyanton.com/wp-content/uploads/2025/09/135in55-768x506.webp"
"https://tunedbyanton.com/dyno-results/9910/","https://tunedbyanton.com/wp-content/uploads/2023/01/S15-2-768x512.jpg"
"https://tunedbyanton.com/dyno-results/2010-bmw-740i-stage-1/","https://tunedbyanton.com/wp-content/uploads/2025/09/740i-768x512.webp"
"https://tunedbyanton.com/dyno-results/jeep-srt-wk2-stage2/","https://tunedbyanton.com/wp-content/uploads/2022/08/SRT-WK2-768x512.jpg"
"https://tunedbyanton.com/dyno-results/audi-rs3-2/","https://tunedbyanton.com/wp-content/uploads/2022/04/RS38v-768x576.jpg"
"https://tunedbyanton.com/dyno-results/mitsubishi-evo-8-6/","https://tunedbyanton.com/wp-content/uploads/2023/11/evo8-768x512.jpg"
"https://tunedbyanton.com/dyno-results/bmw-e39-ls-swapped/","https://tunedbyanton.com/wp-content/uploads/2024/07/BMW-E39-3-768x512.jpg"
"https://tunedbyanton.com/dyno-results/nissan-z-nismo-intakes-hks-bovs-stage1/","https://tunedbyanton.com/wp-content/uploads/2025/07/Nissan-Z-cai2-768x512.webp"
"https://tunedbyanton.com/dyno-results/holden-ve-ss-2/","https://tunedbyanton.com/wp-content/uploads/2024/01/VE-SS-6lt-768x512.jpg"
"https://tunedbyanton.com/dyno-results/subaru-sti-my16/","https://tunedbyanton.com/wp-content/uploads/2022/04/STI16-768x512.jpg"
"https://tunedbyanton.com/dyno-results/subaru-wrx-gc8/","https://tunedbyanton.com/wp-content/uploads/2023/11/gc8-768x512.jpg"
"https://tunedbyanton.com/dyno-results/mercedes-gla45-amg/","https://tunedbyanton.com/wp-content/uploads/2022/04/GLA45-768x512.jpg"
"https://tunedbyanton.com/dyno-results/ford-falcon-fg-xr6-stage-2-2/","https://tunedbyanton.com/wp-content/uploads/2023/04/FG-XR6-768x512.jpg"
"https://tunedbyanton.com/dyno-results/holden-caprice-vcm532-cammed/","https://tunedbyanton.com/wp-content/uploads/2023/11/Capirce-768x512.jpg"
"https://tunedbyanton.com/dyno-results/mercedes-a45-amg-stage-3-procharge-turbo/","https://tunedbyanton.com/wp-content/uploads/2024/11/a45-768x512.webp"
"https://tunedbyanton.com/dyno-results/toyota-aristo-2jz-vvti-g30-900/","https://tunedbyanton.com/wp-content/uploads/2023/08/Aristo-768x512.jpg"
"https://tunedbyanton.com/dyno-results/toyota-aristo-2jz-vvti-g30-900-2/","https://tunedbyanton.com/wp-content/uploads/2025/02/Aristo_1-768x1024.webp"
"https://tunedbyanton.com/dyno-results/bmw-235i/","https://tunedbyanton.com/wp-content/uploads/2022/04/235i-768x512.jpg"
"https://tunedbyanton.com/dyno-results/subaru-sti-gd/","https://tunedbyanton.com/wp-content/uploads/2024/09/sti-2-768x512.jpg"
"https://tunedbyanton.com/dyno-results/mercedes-c43-amg-stage-1/","https://tunedbyanton.com/wp-content/uploads/2025/05/C43amg-768x512.webp"
"https://tunedbyanton.com/dyno-results/mazda-rx7-s6-stage-1-tune/","https://tunedbyanton.com/wp-content/uploads/2023/04/RX7-1-768x512.jpg"
"https://tunedbyanton.com/dyno-results/subaru-sti-my11-g3/","https://tunedbyanton.com/wp-content/uploads/2023/11/sti11-768x512.jpg"
"https://tunedbyanton.com/dyno-results/holden-commodore-ve-ss/","https://tunedbyanton.com/wp-content/uploads/2023/02/VESS2-768x512.jpg"
"https://tunedbyanton.com/dyno-results/nissan-silvia-s15-3/","https://tunedbyanton.com/wp-content/uploads/2022/12/S15-1-768x512.jpg"
"https://tunedbyanton.com/dyno-results/9774/","https://tunedbyanton.com/wp-content/uploads/2023/01/R34-GTST-768x512.jpg"
"https://tunedbyanton.com/dyno-results/mercedes-a45-amg-stage-2/","https://tunedbyanton.com/wp-content/uploads/2023/09/A45-768x512.jpg"
"https://tunedbyanton.com/dyno-results/audi-q7-4-2-v8-tdi/","https://tunedbyanton.com/wp-content/uploads/2022/03/IMG_2028-800x533-1-768x512.jpg"
"https://tunedbyanton.com/dyno-results/jeep-srt-stage-1/","https://tunedbyanton.com/wp-content/uploads/2025/09/srt-768x512.webp"
"https://tunedbyanton.com/dyno-results/mitsubishi-evo-6/","https://tunedbyanton.com/wp-content/uploads/2022/04/evo6-768x512.jpg"
"https://tunedbyanton.com/dyno-results/8442/","https://tunedbyanton.com/wp-content/uploads/2022/09/VE-SS-II-768x512.jpg"
"https://tunedbyanton.com/dyno-results/bmw-335i-e90-n55-stage-3/","https://tunedbyanton.com/wp-content/uploads/2025/04/BMW-335i-N55-768x512.webp"
"https://tunedbyanton.com/dyno-results/audi-a8-stage-1/","https://tunedbyanton.com/wp-content/uploads/2022/11/Audi-A8-768x512.jpg"
"https://tunedbyanton.com/dyno-results/ford-focus-xr5-st/","https://tunedbyanton.com/wp-content/uploads/2022/07/Focus-XR5-768x512.jpg"
"https://tunedbyanton.com/dyno-results/nissan-patrol-barra-swap/","https://tunedbyanton.com/wp-content/uploads/2023/12/Patrol-768x512.jpg"
"https://tunedbyanton.com/dyno-results/mercedes-glc43-amg-stage-1/","https://tunedbyanton.com/wp-content/uploads/2024/02/GLC43-768x512.jpg"
"https://tunedbyanton.com/dyno-results/bmw-x4-stage-1/","https://tunedbyanton.com/wp-content/uploads/2024/11/x42-768x512.webp"
"https://tunedbyanton.com/dyno-results/mazda-3-mps/","https://tunedbyanton.com/wp-content/uploads/2022/04/MPS3-768x512.jpg"
"https://tunedbyanton.com/dyno-results/ford-focus-xr5-230kw-e85/","https://tunedbyanton.com/wp-content/uploads/2024/11/xxr5-768x512.webp"
"https://tunedbyanton.com/dyno-results/volkswagen-golf-r-mk7-5/","https://tunedbyanton.com/wp-content/uploads/2022/04/MK7.5-768x512.jpg"
"https://tunedbyanton.com/dyno-results/nissan-silvia-200sx-2871r/","https://tunedbyanton.com/wp-content/uploads/2024/02/S14-768x512.jpg"
"https://tunedbyanton.com/dyno-results/bmw-135i-stage-2/","https://tunedbyanton.com/wp-content/uploads/2023/08/135i-768x512.jpg"
"https://tunedbyanton.com/dyno-results/9585/","https://tunedbyanton.com/wp-content/uploads/2022/12/CLA45-1-768x512.jpg"
"https://tunedbyanton.com/dyno-results/audi-rs3/","https://tunedbyanton.com/wp-content/uploads/2022/03/AudiRS3-800x533-1-e1648108855545-768x467.jpg"
"https://tunedbyanton.com/dyno-results/1776/","https://tunedbyanton.com/wp-content/uploads/2022/04/Cla45-768x512.jpg"
"https://tunedbyanton.com/dyno-results/nissan-silvia-s15-2/","https://tunedbyanton.com/wp-content/uploads/2022/12/S15-768x512.jpg"
"https://tunedbyanton.com/dyno-results/mazda-3-mps-stage-3/","https://tunedbyanton.com/wp-content/uploads/2023/03/MPS3-768x614.jpg"
"https://tunedbyanton.com/dyno-results/mercedes-cla45-amg-stage-1/","https://tunedbyanton.com/wp-content/uploads/2024/08/cla45-768x512.png"
"https://tunedbyanton.com/dyno-results/ford-focus-xr5/","https://tunedbyanton.com/wp-content/uploads/2022/04/XR5-768x512.jpg"
"https://tunedbyanton.com/dyno-results/mazda-6-mps/","https://tunedbyanton.com/wp-content/uploads/2022/04/Mazda-6MPS-768x512.jpg"
"https://tunedbyanton.com/dyno-results/nissan-silvia-s14-3/","https://tunedbyanton.com/wp-content/uploads/2023/01/S14-3-768x512.jpg"
"https://tunedbyanton.com/dyno-results/mercedes-a45-amg-stage-1/","https://tunedbyanton.com/wp-content/uploads/2023/06/A45-AMG-768x512.jpg"
"https://tunedbyanton.com/dyno-results/volkswagen-passat-r/","https://tunedbyanton.com/wp-content/uploads/2022/04/Passat-R-768x512.jpg"
"https://tunedbyanton.com/dyno-results/bmw-m3-e46/","https://tunedbyanton.com/wp-content/uploads/2022/04/E46-M3-race-768x545.jpg"
"https://tunedbyanton.com/dyno-results/audi-sq5-stage-1-tune/","https://tunedbyanton.com/wp-content/uploads/2024/12/Audi-Sq5-2-768x512.webp"
"https://tunedbyanton.com/dyno-results/1938-ford-ute/","https://tunedbyanton.com/wp-content/uploads/2022/07/1938-ford-ute-768x512.jpg"
"https://tunedbyanton.com/dyno-results/volkswagen-cupra-stage-1-tune/","https://tunedbyanton.com/wp-content/uploads/2023/04/Cupra-768x512.jpg"
"https://tunedbyanton.com/dyno-results/audi-s3/","https://tunedbyanton.com/wp-content/uploads/2022/03/AudiS3stage1-1131x1080-1-768x733.jpg"
"https://tunedbyanton.com/dyno-results/mazda-6-mps-stage2-tune/","https://tunedbyanton.com/wp-content/uploads/2024/12/MPS6-768x512.webp"
"https://tunedbyanton.com/dyno-results/volkswagen-tiguan-r-stage-1-tune/","https://tunedbyanton.com/wp-content/uploads/2025/02/Tiguan-R-768x763.webp"
"https://tunedbyanton.com/dyno-results/mazda-6-mps-stage-3/","https://tunedbyanton.com/wp-content/uploads/2025/02/MPS6-2-768x711.webp"
"https://tunedbyanton.com/dyno-results/mitsubishi-evo-9-stage-1/","https://tunedbyanton.com/wp-content/uploads/2025/02/Evo9-2-768x545.webp"
"https://tunedbyanton.com/dyno-results/mitsubishi-evo-9-stage-1/","https://tunedbyanton.com/wp-content/uploads/2025/02/Evo9-2-768x545.webp"
"https://tunedbyanton.com/dyno-results/subaru-sti-my16-3/","https://tunedbyanton.com/wp-content/uploads/2024/05/STI16-768x512.jpg"
"https://tunedbyanton.com/dyno-results/subaru-wrx-gtx2867r/","https://tunedbyanton.com/wp-content/uploads/2024/07/WRX-MY12-3-768x512.jpg"
"https://tunedbyanton.com/dyno-results/subaru-wrx-rally/","https://tunedbyanton.com/wp-content/uploads/2023/04/rally-768x432.jpg"
"https://tunedbyanton.com/dyno-results/holden-commodore-vt/","https://tunedbyanton.com/wp-content/uploads/2023/03/VS-Commodore-768x512.jpg"
"https://tunedbyanton.com/dyno-results/subaru-wrx-3/","https://tunedbyanton.com/wp-content/uploads/2022/11/2012-wrx-768x512.jpg"
"https://tunedbyanton.com/dyno-results/mazda-6-mps-stage-3/","https://tunedbyanton.com/wp-content/uploads/2025/02/MPS6-2-768x711.webp"
"https://tunedbyanton.com/dyno-results/mitsubishi-evo-9-stage-1/","https://tunedbyanton.com/wp-content/uploads/2025/02/Evo9-2-768x545.webp"
"https://tunedbyanton.com/dyno-results/subaru-sti-my16-3/","https://tunedbyanton.com/wp-content/uploads/2024/05/STI16-768x512.jpg"
"https://tunedbyanton.com/dyno-results/subaru-wrx-gtx2867r/","https://tunedbyanton.com/wp-content/uploads/2024/07/WRX-MY12-3-768x512.jpg"
"https://tunedbyanton.com/dyno-results/subaru-wrx-rally/","https://tunedbyanton.com/wp-content/uploads/2023/04/rally-768x432.jpg"
"https://tunedbyanton.com/dyno-results/holden-commodore-vt/","https://tunedbyanton.com/wp-content/uploads/2023/03/VS-Commodore-768x512.jpg"
"https://tunedbyanton.com/dyno-results/subaru-wrx-3/","https://tunedbyanton.com/wp-content/uploads/2022/11/2012-wrx-768x512.jpg"
"https://tunedbyanton.com/dyno-results/mercedes-cla45-amg-stage-2/","https://tunedbyanton.com/wp-content/uploads/2022/12/CLA451-768x512.jpg"
"https://tunedbyanton.com/dyno-results/nissan-370z-stage1-tune/","https://tunedbyanton.com/wp-content/uploads/2023/04/370z-768x512.jpg"
"https://tunedbyanton.com/dyno-results/toyota-hilux-n70-ls-l98-conversion/","https://tunedbyanton.com/wp-content/uploads/2025/04/Hilux-N70-LS-768x512.webp"
"https://tunedbyanton.com/dyno-results/volkswagen-golf-mk7r-200kw/","https://tunedbyanton.com/wp-content/uploads/2024/11/mk7r-15_1-768x512.webp"
"https://tunedbyanton.com/dyno-results/honda-civic-type-r/","https://tunedbyanton.com/wp-content/uploads/2022/04/Type-R-768x437.jpg"
"https://tunedbyanton.com/dyno-results/subaru-sti-my16-cobb-td05-20g-motec/","https://tunedbyanton.com/wp-content/uploads/2024/11/STi-768x512.webp"
"https://tunedbyanton.com/dyno-results/mercedes-cla45-amg-stage-2/","https://tunedbyanton.com/wp-content/uploads/2022/12/CLA451-768x512.jpg"
"https://tunedbyanton.com/dyno-results/nissan-370z-stage1-tune/","https://tunedbyanton.com/wp-content/uploads/2023/04/370z-768x512.jpg"
"https://tunedbyanton.com/dyno-results/toyota-hilux-n70-ls-l98-conversion/","https://tunedbyanton.com/wp-content/uploads/2025/04/Hilux-N70-LS-768x512.webp"
"https://tunedbyanton.com/dyno-results/volkswagen-golf-mk7r-200kw/","https://tunedbyanton.com/wp-content/uploads/2024/11/mk7r-15_1-768x512.webp"
"https://tunedbyanton.com/dyno-results/honda-civic-type-r/","https://tunedbyanton.com/wp-content/uploads/2022/04/Type-R-768x437.jpg"
"https://tunedbyanton.com/dyno-results/subaru-sti-my16-cobb-td05-20g-motec/","https://tunedbyanton.com/wp-content/uploads/2024/11/STi-768x512.webp"
"https://tunedbyanton.com/dyno-results/nissan-silvia-sr20-tune-rg240/","https://tunedbyanton.com/wp-content/uploads/2025/07/S15grey-768x558.webp"
"https://tunedbyanton.com/dyno-results/mitsubishi-evo-7-with-bc-270-cams/","https://tunedbyanton.com/wp-content/uploads/2024/11/Evo71-768x512.webp"
"https://tunedbyanton.com/dyno-results/volkswagen-golf-mk7-5-gti-stage-2/","https://tunedbyanton.com/wp-content/uploads/2025/04/MK75-GTI2-768x512.webp"
"https://tunedbyanton.com/dyno-results/volkswagen-arteon-stage2-ecu-tcu-tune/","https://tunedbyanton.com/wp-content/uploads/2025/08/arteon-768x512.webp"
"https://tunedbyanton.com/dyno-results/toyota-ft86-turbo/","https://tunedbyanton.com/wp-content/uploads/2022/04/FT86-768x512.jpg"
"https://tunedbyanton.com/dyno-results/ford-focus-rs-stage-2-70nm/","https://tunedbyanton.com/wp-content/uploads/2025/05/FocusRS2-768x512.webp"
"https://tunedbyanton.com/dyno-results/toyota-ft86-turbo/","https://tunedbyanton.com/wp-content/uploads/2022/04/FT86-768x512.jpg"
"https://tunedbyanton.com/dyno-results/ford-focus-rs-3/","https://tunedbyanton.com/wp-content/uploads/2022/04/Focus-RS-1620x1080-1-768x512.jpg"
"https://tunedbyanton.com/dyno-results/subaru-wrx-gc8-2000s-flashback/","https://tunedbyanton.com/wp-content/uploads/2023/08/wrx-768x512.jpg"
"https://tunedbyanton.com/dyno-results/subaru-wrx-g3-2/","https://tunedbyanton.com/wp-content/uploads/2024/10/wrx-1-768x512.webp"
"https://tunedbyanton.com/dyno-results/tvr-cerbera-4-2-v8/","https://tunedbyanton.com/wp-content/uploads/2023/04/TVR-768x512.jpg"
"https://tunedbyanton.com/dyno-results/subaru-wrx-g3/","https://tunedbyanton.com/wp-content/uploads/2024/10/wrx-768x512.jpg"
"https://tunedbyanton.com/dyno-results/ford-focus-rs-3/","https://tunedbyanton.com/wp-content/uploads/2022/04/Focus-RS-1620x1080-1-768x512.jpg"
"https://tunedbyanton.com/dyno-results/subaru-wrx-gc8-2000s-flashback/","https://tunedbyanton.com/wp-content/uploads/2023/08/wrx-768x512.jpg"
"https://tunedbyanton.com/dyno-results/subaru-wrx-g3-2/","https://tunedbyanton.com/wp-content/uploads/2024/10/wrx-1-768x512.webp"
"https://tunedbyanton.com/dyno-results/tvr-cerbera-4-2-v8/","https://tunedbyanton.com/wp-content/uploads/2023/04/TVR-768x512.jpg"
"https://tunedbyanton.com/dyno-results/subaru-wrx-g3/","https://tunedbyanton.com/wp-content/uploads/2024/10/wrx-768x512.jpg"
"https://tunedbyanton.com/dyno-results/bmw-330i-f30-stage-2/","https://tunedbyanton.com/wp-content/uploads/2025/03/BMW-325i-768x512.webp"
"https://tunedbyanton.com/dyno-results/volkswagen-golf-6-r/","https://tunedbyanton.com/wp-content/uploads/2022/04/MK6R-2-768x512.jpg"
"https://tunedbyanton.com/dyno-results/bmw-330d/","https://tunedbyanton.com/wp-content/uploads/2022/04/330d-768x512.jpg"
"https://tunedbyanton.com/dyno-results/subaru-hawkeye-sti/","https://tunedbyanton.com/wp-content/uploads/2024/08/sti-768x512.png"
"https://tunedbyanton.com/dyno-results/vw-golf-mk7-5r-stage-1/","https://tunedbyanton.com/wp-content/uploads/2025/02/VW-Golf-R-768x1024.webp"
"https://tunedbyanton.com/dyno-results/volkswagen-golf-gti-mk7-5/","https://tunedbyanton.com/wp-content/uploads/2022/04/GTi-mk75-768x512.jpg"
"https://tunedbyanton.com/dyno-results/volkswagen-golf-gti-2/","https://tunedbyanton.com/wp-content/uploads/2022/04/MK7gtiis38-768x512.jpg"
"https://tunedbyanton.com/dyno-results/volkswagen-golf-mk7-5r-stage1/","https://tunedbyanton.com/wp-content/uploads/2023/01/mk75r-768x512.jpg"
"https://tunedbyanton.com/dyno-results/mitsubishi-evolution-10/","https://tunedbyanton.com/wp-content/uploads/2022/04/evo10-768x548.jpg"
"https://tunedbyanton.com/dyno-results/nissan-skyline-r33-gtr/","https://tunedbyanton.com/wp-content/uploads/2024/01/R33GTR-2-768x512.jpg"
"https://tunedbyanton.com/dyno-results/holden-commodore-sv6/","https://tunedbyanton.com/wp-content/uploads/2022/04/SV6-768x512.jpg"
"https://tunedbyanton.com/dyno-results/subaru-hawkeye-sti/","https://tunedbyanton.com/wp-content/uploads/2024/08/sti-768x512.png"
"https://tunedbyanton.com/dyno-results/vw-golf-mk7-5r-stage-1/","https://tunedbyanton.com/wp-content/uploads/2025/02/VW-Golf-R-768x1024.webp"
"https://tunedbyanton.com/dyno-results/volkswagen-golf-gti-mk7-5/","https://tunedbyanton.com/wp-content/uploads/2022/04/GTi-mk75-768x512.jpg"
"https://tunedbyanton.com/dyno-results/volkswagen-golf-gti-2/","https://tunedbyanton.com/wp-content/uploads/2022/04/MK7gtiis38-768x512.jpg"
"https://tunedbyanton.com/dyno-results/volkswagen-golf-mk7-5r-stage1/","https://tunedbyanton.com/wp-content/uploads/2023/01/mk75r-768x512.jpg"
"https://tunedbyanton.com/dyno-results/mitsubishi-evolution-10/","https://tunedbyanton.com/wp-content/uploads/2022/04/evo10-768x548.jpg"
"https://tunedbyanton.com/dyno-results/nissan-skyline-r33-gtr/","https://tunedbyanton.com/wp-content/uploads/2024/01/R33GTR-2-768x512.jpg"
"https://tunedbyanton.com/dyno-results/holden-commodore-sv6/","https://tunedbyanton.com/wp-content/uploads/2022/04/SV6-768x512.jpg"
"https://tunedbyanton.com/dyno-results/bmw-e30-s50-swap/","https://tunedbyanton.com/wp-content/uploads/2024/09/e30-768x512.jpg"
"https://tunedbyanton.com/dyno-results/subaru-sti-my16-2/","https://tunedbyanton.com/wp-content/uploads/2022/04/STI16-1-768x512.jpg"
"https://tunedbyanton.com/dyno-results/holden-ve-sv6-commodore-tune/","https://tunedbyanton.com/wp-content/uploads/2025/07/sv62-768x512.webp"
"https://tunedbyanton.com/dyno-results/ford-ea-falcon-turbo/","https://tunedbyanton.com/wp-content/uploads/2024/06/EA-Falcon-2-768x512.jpg"
"https://tunedbyanton.com/dyno-results/audi-s3-8v-stage-1/","https://tunedbyanton.com/wp-content/uploads/2025/02/Audi-S3-3-768x512.webp"
"https://tunedbyanton.com/dyno-results/mitsubishi-evo-9-wagon-stage1-tune/","https://tunedbyanton.com/wp-content/uploads/2024/12/Evo9-768x512.webp"
"https://tunedbyanton.com/dyno-results/bmw-e30-s50-swap/","https://tunedbyanton.com/wp-content/uploads/2024/09/e30-768x512.jpg"
"https://tunedbyanton.com/dyno-results/subaru-sti-my16-2/","https://tunedbyanton.com/wp-content/uploads/2022/04/STI16-1-768x512.jpg"
"https://tunedbyanton.com/dyno-results/holden-ve-sv6-commodore-tune/","https://tunedbyanton.com/wp-content/uploads/2025/07/sv62-768x512.webp"
"https://tunedbyanton.com/dyno-results/ford-ea-falcon-turbo/","https://tunedbyanton.com/wp-content/uploads/2024/06/EA-Falcon-2-768x512.jpg"
"https://tunedbyanton.com/dyno-results/audi-s3-8v-stage-1/","https://tunedbyanton.com/wp-content/uploads/2025/02/Audi-S3-3-768x512.webp"
"https://tunedbyanton.com/dyno-results/mitsubishi-evo-9-wagon-stage1-tune/","https://tunedbyanton.com/wp-content/uploads/2024/12/Evo9-768x512.webp"
"https://tunedbyanton.com/dyno-results/mitsubishi-evo-9-wagon-stage1-tune/","https://tunedbyanton.com/wp-content/uploads/2024/12/Evo9-768x512.webp"
"https://tunedbyanton.com/dyno-results/chrysler-300c-crd/","https://tunedbyanton.com/wp-content/uploads/2022/04/300crd-768x512.jpg"
"https://tunedbyanton.com/dyno-results/holden-commodore-vf-sv6/","https://tunedbyanton.com/wp-content/uploads/2024/08/VF-SV6-2-768x418.png"
"https://tunedbyanton.com/dyno-results/subaru-sti-my17/","https://tunedbyanton.com/wp-content/uploads/2022/04/sti-768x512.jpg"
"https://tunedbyanton.com/dyno-results/volkswagen-golf-gti-mk5/","https://tunedbyanton.com/wp-content/uploads/2023/08/Golf-GTI-MK5-768x512.jpg"
"https://tunedbyanton.com/dyno-results/mitsubishi-evo-8-4/","https://tunedbyanton.com/wp-content/uploads/2022/10/Evo-768x512.jpg"
"https://tunedbyanton.com/dyno-results/volkswagen-amarok-3-0-stage-1/","https://tunedbyanton.com/wp-content/uploads/2024/01/Amarok-768x512.jpg"
"https://tunedbyanton.com/dyno-results/subaru-sti-my18/","https://tunedbyanton.com/wp-content/uploads/2022/05/STi-18-768x512.jpg"
"https://tunedbyanton.com/dyno-results/bmw-x6/","https://tunedbyanton.com/wp-content/uploads/2022/04/X6-35D-768x512.jpg"
"https://tunedbyanton.com/dyno-results/volkswagen-golf-mk6r-stage-2/","https://tunedbyanton.com/wp-content/uploads/2025/05/MK6R3-768x512.webp"
"https://tunedbyanton.com/dyno-results/mazda-mps3-stage3/","https://tunedbyanton.com/wp-content/uploads/2022/10/MPS32-768x512.jpg"
"https://tunedbyanton.com/dyno-results/nissan-180sx-2/","https://tunedbyanton.com/wp-content/uploads/2024/07/180sx-5-768x512.png"
"https://tunedbyanton.com/dyno-results/holden-commodore-vf-sv6/","https://tunedbyanton.com/wp-content/uploads/2024/08/VF-SV6-2-768x418.png"
"https://tunedbyanton.com/dyno-results/subaru-sti-my17/","https://tunedbyanton.com/wp-content/uploads/2022/04/sti-768x512.jpg"
"https://tunedbyanton.com/dyno-results/volkswagen-golf-gti-mk5/","https://tunedbyanton.com/wp-content/uploads/2023/08/Golf-GTI-MK5-768x512.jpg"
"https://tunedbyanton.com/dyno-results/mitsubishi-evo-8-4/","https://tunedbyanton.com/wp-content/uploads/2022/10/Evo-768x512.jpg"
"https://tunedbyanton.com/dyno-results/volkswagen-amarok-3-0-stage-1/","https://tunedbyanton.com/wp-content/uploads/2024/01/Amarok-768x512.jpg"
"https://tunedbyanton.com/dyno-results/subaru-sti-my18/","https://tunedbyanton.com/wp-content/uploads/2022/05/STi-18-768x512.jpg"
"https://tunedbyanton.com/dyno-results/bmw-x6/","https://tunedbyanton.com/wp-content/uploads/2022/04/X6-35D-768x512.jpg"
"https://tunedbyanton.com/dyno-results/volkswagen-golf-mk6r-stage-2/","https://tunedbyanton.com/wp-content/uploads/2025/05/MK6R3-768x512.webp"
"https://tunedbyanton.com/dyno-results/mazda-mps3-stage3/","https://tunedbyanton.com/wp-content/uploads/2022/10/MPS32-768x512.jpg"
"https://tunedbyanton.com/dyno-results/nissan-180sx-2/","https://tunedbyanton.com/wp-content/uploads/2024/07/180sx-5-768x512.png"
"https://tunedbyanton.com/dyno-results/mazda-6-mps-stage-2/","https://tunedbyanton.com/wp-content/uploads/2022/07/mps6-768x512.jpg"
"https://tunedbyanton.com/dyno-results/supercharged-gt86-rg240-emissions-overhaul/","https://tunedbyanton.com/wp-content/uploads/2024/09/GT86-4-768x512.jpg"
"https://tunedbyanton.com/dyno-results/volkwagen-golf-mk6r-downpipe-intake/","https://tunedbyanton.com/wp-content/uploads/2022/08/MK6R-768x512.jpg"
"https://tunedbyanton.com/dyno-results/subaru-sti/","https://tunedbyanton.com/wp-content/uploads/2024/12/STi-768x512.webp"
"https://tunedbyanton.com/dyno-results/bmw-125i-f20-stage1-tune/","https://tunedbyanton.com/wp-content/uploads/2022/12/125i-768x512.jpg"
"https://tunedbyanton.com/dyno-results/mazda-mx5-bp-1-8-turbo/","https://tunedbyanton.com/wp-content/uploads/2024/07/MX5-768x512.png"
"https://tunedbyanton.com/dyno-results/volkwagen-golf-mk6r-downpipe-intake/","https://tunedbyanton.com/wp-content/uploads/2022/08/MK6R-768x512.jpg"
"https://tunedbyanton.com/dyno-results/subaru-sti/","https://tunedbyanton.com/wp-content/uploads/2024/12/STi-768x512.webp"
"https://tunedbyanton.com/dyno-results/bmw-125i-f20-stage1-tune/","https://tunedbyanton.com/wp-content/uploads/2022/12/125i-768x512.jpg"
"https://tunedbyanton.com/dyno-results/mazda-mx5-bp-1-8-turbo/","https://tunedbyanton.com/wp-content/uploads/2024/07/MX5-768x512.png"
"https://tunedbyanton.com/dyno-results/nissan-silvia-s13-2/","https://tunedbyanton.com/wp-content/uploads/2022/10/S13-1-768x512.jpg"
"https://tunedbyanton.com/dyno-results/2011-subaru-wrx-tune/","https://tunedbyanton.com/wp-content/uploads/2025/08/wrx_1-768x512.webp"
"https://tunedbyanton.com/dyno-results/audi-a5/","https://tunedbyanton.com/wp-content/uploads/2022/05/IMG_2714-800x533-1-768x512.jpg"
"https://tunedbyanton.com/dyno-results/bmw-328i/","https://tunedbyanton.com/wp-content/uploads/2022/03/bmw328-1620x1080-1-768x512.jpg"
"https://tunedbyanton.com/dyno-results/subaru-liberty/","https://tunedbyanton.com/wp-content/uploads/2022/05/Liberty-Gen5-768x512.jpg"
"https://tunedbyanton.com/dyno-results/hyundai-i30n-stage-2-tune/","https://tunedbyanton.com/wp-content/uploads/2025/02/i30n_1-768x1024.webp"
"https://tunedbyanton.com/dyno-results/ford-focus-xr5-stage-2/","https://tunedbyanton.com/wp-content/uploads/2022/11/Focus-XR5-768x512.jpg"
"https://tunedbyanton.com/dyno-results/mazda-3-mps-stage-2/","https://tunedbyanton.com/wp-content/uploads/2024/08/MPS-768x512.png"
"https://tunedbyanton.com/dyno-results/holden-commodore-sv6-2/","https://tunedbyanton.com/wp-content/uploads/2024/12/SV6-768x512.webp"
"https://tunedbyanton.com/dyno-results/1968-ford-galaxie-174kw/","https://tunedbyanton.com/wp-content/uploads/2025/05/galaxie4-768x512.webp"
"https://tunedbyanton.com/dyno-results/subaru-wrx-gc8-basic-boltons/","https://tunedbyanton.com/wp-content/uploads/2025/02/gc8-768x1024.webp"
"https://tunedbyanton.com/dyno-results/mitsubishi-evo-8-stage-1/","https://tunedbyanton.com/wp-content/uploads/2023/07/evo8stock-768x512.jpg"
"https://tunedbyanton.com/dyno-results/mitsubishi-lancer/","https://tunedbyanton.com/wp-content/uploads/2024/10/lancer-768x512.jpg"
"https://tunedbyanton.com/dyno-results/subaru-wrx-gc8-2/","https://tunedbyanton.com/wp-content/uploads/2024/08/wrx-gc8-768x512.png"
"https://tunedbyanton.com/dyno-results/bmw-428i-f32-stage-2/","https://tunedbyanton.com/wp-content/uploads/2025/10/428i-768x512.webp"
"https://tunedbyanton.com/dyno-results/subaru-wrx-my16/","https://tunedbyanton.com/wp-content/uploads/2022/04/WRX-FA20-768x512.jpg"
"https://tunedbyanton.com/dyno-results/mercedes-gle350d/","https://tunedbyanton.com/wp-content/uploads/2022/05/GLE350D-scaled-1-768x512.jpg"
"https://tunedbyanton.com/dyno-results/lexus-nx200t-stage2/","https://tunedbyanton.com/wp-content/uploads/2024/06/NX200T-768x512.jpg"
"https://tunedbyanton.com/dyno-results/volkswagen-golf-mk7-gti-stage-2/","https://tunedbyanton.com/wp-content/uploads/2022/10/mk7gti-768x512.jpg"
"https://tunedbyanton.com/dyno-results/subaru-sti-my13/","https://tunedbyanton.com/wp-content/uploads/2024/04/STi-768x512.jpg"
"https://tunedbyanton.com/dyno-results/toyota-landcruiser-200/","https://tunedbyanton.com/wp-content/uploads/2022/04/200-Landcruiser-768x512.jpg"
"https://tunedbyanton.com/dyno-results/toyota-gt4-celica/","https://tunedbyanton.com/wp-content/uploads/2022/04/IMG_3045-768x512.jpg"
"https://tunedbyanton.com/dyno-results/15480/","https://tunedbyanton.com/wp-content/uploads/2024/04/Tiguan-2-768x512.jpg"
"https://tunedbyanton.com/dyno-results/holden-commodore-zb/","https://tunedbyanton.com/wp-content/uploads/2022/08/ZB-1-768x512.jpg"
"https://tunedbyanton.com/dyno-results/bmw-328i-stage-2/","https://tunedbyanton.com/wp-content/uploads/2023/05/328i-768x512.jpg"
"https://tunedbyanton.com/dyno-results/alfa-romeo-giulietta/","https://tunedbyanton.com/wp-content/uploads/2022/03/IMG_2401-800x533-1-768x512.jpg"
"https://tunedbyanton.com/dyno-results/nissan-gtir-linkecu/","https://tunedbyanton.com/wp-content/uploads/2024/04/GTIR-2-768x512.jpg"
"https://tunedbyanton.com/dyno-results/bmw-330cd-e46/","https://tunedbyanton.com/wp-content/uploads/2022/08/E46-330D-768x512.jpg"
"https://tunedbyanton.com/dyno-results/bmw-530d-e60-stage-1-tune/","https://tunedbyanton.com/wp-content/uploads/2025/02/530d-e60-768x1024.webp"
"https://tunedbyanton.com/dyno-results/subaru-wrx-2/","https://tunedbyanton.com/wp-content/uploads/2022/09/2015-WRX-768x512.jpg"
"https://tunedbyanton.com/dyno-results/audi-a6-allroad-stage-2-tune/","https://tunedbyanton.com/wp-content/uploads/2025/07/AudiA6Allroad-768x512.webp"
"https://tunedbyanton.com/dyno-results/volkswagen-golf-gti-stage-2/","https://tunedbyanton.com/wp-content/uploads/2025/10/gti-768x512.webp"
"https://tunedbyanton.com/dyno-results/ford-ranger/","https://tunedbyanton.com/wp-content/uploads/2022/04/IMG_1909-1620x1080-1-768x512.jpg"
"https://tunedbyanton.com/dyno-results/toyota-landcruiser-200-series/","https://tunedbyanton.com/wp-content/uploads/2023/09/landcruiser-2-768x512.jpg"
"https://tunedbyanton.com/dyno-results/nissan-navara-np300/","https://tunedbyanton.com/wp-content/uploads/2022/04/np300st2-1620x1080-1-e1648861901393-768x503.jpg"
"https://tunedbyanton.com/dyno-results/mazda-familia-gtr-rally/","https://tunedbyanton.com/wp-content/uploads/2023/06/BPT-Rally-car-768x512.jpg"
"https://tunedbyanton.com/dyno-results/mitsubishi-evo7-gta/","https://tunedbyanton.com/wp-content/uploads/2022/08/evo7-gta-768x512.jpg"
"https://tunedbyanton.com/dyno-results/lexus-gs300/","https://tunedbyanton.com/wp-content/uploads/2023/04/Lexus-GS300-768x512.jpg"
"https://tunedbyanton.com/dyno-results/ford-focus-st/","https://tunedbyanton.com/wp-content/uploads/2022/04/Focus-ST-768x512.jpg"
"https://tunedbyanton.com/dyno-results/mercedes-c250/","https://tunedbyanton.com/wp-content/uploads/2022/04/C250-768x512.jpg"
"https://tunedbyanton.com/dyno-results/subaru-forester-xt-stage-1-tune/","https://tunedbyanton.com/wp-content/uploads/2025/02/Forester_1-768x1024.webp"
"https://tunedbyanton.com/dyno-results/6134/","https://tunedbyanton.com/wp-content/uploads/2022/04/320i-G20-768x512.jpg"
"https://tunedbyanton.com/dyno-results/mitsubishi-evo-9-wagon/","https://tunedbyanton.com/wp-content/uploads/2024/07/EVO-9-Wagon-1-768x512.png"
"https://tunedbyanton.com/dyno-results/ford-ranger-152kw/","https://tunedbyanton.com/wp-content/uploads/2024/10/ranger-2-768x512.webp"
"https://tunedbyanton.com/dyno-results/volkswagen-golf-gti-mk6-stage/","https://tunedbyanton.com/wp-content/uploads/2024/08/mk6-golf-gti-768x512.png"
"https://tunedbyanton.com/dyno-results/mitsubishi-lancer-ralliart-stage-1/","https://tunedbyanton.com/wp-content/uploads/2023/11/Ralliart-768x512.jpg"
"https://tunedbyanton.com/dyno-results/volkswagen-golf-gti/","https://tunedbyanton.com/wp-content/uploads/2022/04/Golf6gti-768x512.jpg"
"https://tunedbyanton.com/dyno-results/toyota-landcruiser-70series-stage-2/","https://tunedbyanton.com/wp-content/uploads/2023/08/Landcruiser-70series-768x512.jpg"
"https://tunedbyanton.com/dyno-results/volkswagen-golf-gti-mk6-stage2/","https://tunedbyanton.com/wp-content/uploads/2022/11/mk6gti-768x512.jpg"
"https://tunedbyanton.com/dyno-results/mercedes-gle350d-stage-1/","https://tunedbyanton.com/wp-content/uploads/2025/09/gle350-768x512.webp"
"https://tunedbyanton.com/dyno-results/subaru-forester/","https://tunedbyanton.com/wp-content/uploads/2024/10/forester-768x512.jpg"
"https://tunedbyanton.com/dyno-results/holden-colorado-2-8/","https://tunedbyanton.com/wp-content/uploads/2022/04/colorado-768x512.jpg"
"https://tunedbyanton.com/dyno-results/nissan-patrol-ls-swapped/","https://tunedbyanton.com/wp-content/uploads/2024/12/Patrol-768x512.webp"
"https://tunedbyanton.com/dyno-results/subaru-wrx-fa20-stage1-tune/","https://tunedbyanton.com/wp-content/uploads/2023/11/wrx-fa20-768x512.jpg"
"https://tunedbyanton.com/dyno-results/volkswagen-golf-5-gti/","https://tunedbyanton.com/wp-content/uploads/2022/04/MK5-GTI-scaled-1-768x512.jpg"
"https://tunedbyanton.com/dyno-results/toyota-hilux-n80-stage-2/","https://tunedbyanton.com/wp-content/uploads/2025/04/HiluxN80-768x512.webp"
"https://tunedbyanton.com/dyno-results/toyota-hilux-n80-stage-1-tune/","https://tunedbyanton.com/wp-content/uploads/2025/05/Hiluxn80-768x512.webp"
"https://tunedbyanton.com/dyno-results/nissan-navara-np300-stage-2/","https://tunedbyanton.com/wp-content/uploads/2023/03/np300-2-768x1152.jpg"
"https://tunedbyanton.com/dyno-results/ford-xy-falcon/","https://tunedbyanton.com/wp-content/uploads/2022/09/IMG_3332-768x512.jpg"
"https://tunedbyanton.com/dyno-results/audi-s3-8l/","https://tunedbyanton.com/wp-content/uploads/2022/04/S3-8L-768x512.jpg"
"https://tunedbyanton.com/dyno-results/nissan-navara-np300-2/","https://tunedbyanton.com/wp-content/uploads/2022/05/np3--768x512.jpg"
"https://tunedbyanton.com/dyno-results/subaru-liberty-gt-stage-1/","https://tunedbyanton.com/wp-content/uploads/2025/02/Liberty-GT-768x556.webp"
"https://tunedbyanton.com/dyno-results/nissan-navara-np300-stage-1-2/","https://tunedbyanton.com/wp-content/uploads/2023/01/NP300s1-768x512.jpg"
"https://tunedbyanton.com/dyno-results/audi-a4-quattro/","https://tunedbyanton.com/wp-content/uploads/2022/04/IMG_3033-768x512.jpg"
"https://tunedbyanton.com/dyno-results/nissan-navara-np300-3/","https://tunedbyanton.com/wp-content/uploads/2022/05/np300-2-768x512.jpg"
"https://tunedbyanton.com/dyno-results/ford-focus-xr5-stage-1-tune/","https://tunedbyanton.com/wp-content/uploads/2025/02/XR5focus-768x785.webp"
"https://tunedbyanton.com/dyno-results/holden-colorado-rg/","https://tunedbyanton.com/wp-content/uploads/2022/04/Colorado-RG-768x512.jpg"
"https://tunedbyanton.com/dyno-results/subaru-liberty-h6/","https://tunedbyanton.com/wp-content/uploads/2023/09/Liberty-768x512.jpg"
"https://tunedbyanton.com/dyno-results/toyota-landcruiser-vdj79-stage-2/","https://tunedbyanton.com/wp-content/uploads/2024/03/VDJ79-Landcruiser-768x512.jpg"
"https://tunedbyanton.com/dyno-results/subaru-wrx-my02/","https://tunedbyanton.com/wp-content/uploads/2024/05/wrx-my02-768x512.jpg"
"https://tunedbyanton.com/dyno-results/nissan-patrol-ls-6-0lt-conversion/","https://tunedbyanton.com/wp-content/uploads/2024/08/Patrol-LS-2-768x512.jpg"
"https://tunedbyanton.com/dyno-results/bmw-e30-race-car/","https://tunedbyanton.com/wp-content/uploads/2022/05/E30-M20-1-768x512.jpg"
"https://tunedbyanton.com/dyno-results/mercedes-vito-119/","https://tunedbyanton.com/wp-content/uploads/2022/04/vito-768x603.jpg"
"https://tunedbyanton.com/dyno-results/ford-ranger-3-2/","https://tunedbyanton.com/wp-content/uploads/2022/04/IMG_3030-768x512.jpg"
"https://tunedbyanton.com/dyno-results/12290/","https://tunedbyanton.com/wp-content/uploads/2023/09/V250-768x512.jpg"
"https://tunedbyanton.com/dyno-results/nissan-patrol-ls1-5-7lt/","https://tunedbyanton.com/wp-content/uploads/2024/01/LS-Patrol-2-768x512.jpg"
"https://tunedbyanton.com/dyno-results/hyundai-i30-nline-stage-1/","https://tunedbyanton.com/wp-content/uploads/2025/01/i30-nline-768x680.webp"
"https://tunedbyanton.com/dyno-results/holden-colorado-rg-2-8-stage-2/","https://tunedbyanton.com/wp-content/uploads/2023/08/Colorado-768x512.jpg"
"https://tunedbyanton.com/dyno-results/toyota-hilux-stage-2-tow/","https://tunedbyanton.com/wp-content/uploads/2025/09/hilux80-768x512.webp"
"https://tunedbyanton.com/dyno-results/nissan-navara-np300-stage-1/","https://tunedbyanton.com/wp-content/uploads/2023/01/NP300-stock-768x512.jpg"
"https://tunedbyanton.com/dyno-results/2015-subaru-wrx-stage-2/","https://tunedbyanton.com/wp-content/uploads/2025/03/WRX-VA-768x512.webp"
"https://tunedbyanton.com/dyno-results/lexus-nx200t/","https://tunedbyanton.com/wp-content/uploads/2022/04/nx200t-768x576.jpg"
"https://tunedbyanton.com/dyno-results/toyota-ft86-stage-3-supercharger-kit/","https://tunedbyanton.com/wp-content/uploads/2023/11/ft86-768x512.jpg"
"https://tunedbyanton.com/dyno-results/mazda-bt-50-stage-1/","https://tunedbyanton.com/wp-content/uploads/2023/08/bt50-768x512.jpg"
"https://tunedbyanton.com/dyno-results/hyundai-i30-nline-stage-2-ecu-tune/","https://tunedbyanton.com/wp-content/uploads/2025/08/i30-nline-768x512.webp"
"https://tunedbyanton.com/dyno-results/toyota-hilux-n80-stage-2-2/","https://tunedbyanton.com/wp-content/uploads/2025/07/HiluxN80-768x558.webp"
"https://tunedbyanton.com/dyno-results/nissan-patrol-l98-6-0l-6l80-swap/","https://tunedbyanton.com/wp-content/uploads/2025/08/patrol_1-768x512.webp"
"https://tunedbyanton.com/dyno-results/bmw-x3-e83-3-0d/","https://tunedbyanton.com/wp-content/uploads/2024/05/x3-768x512.jpg"
"https://tunedbyanton.com/dyno-results/subaru-wrx-stage-1/","https://tunedbyanton.com/wp-content/uploads/2024/12/WRX-GR86-768x512.webp"
"https://tunedbyanton.com/dyno-results/toyota-landcruiser-76/","https://tunedbyanton.com/wp-content/uploads/2022/04/Landcruiser-76-scaled-1-768x512.jpg"
"https://tunedbyanton.com/dyno-results/volkswagen-amarok-3-0-stage-1-2/","https://tunedbyanton.com/wp-content/uploads/2024/08/Amarok-768x512.png"
"https://tunedbyanton.com/dyno-results/volkswagen-amarok-3-0lt-stage-2/","https://tunedbyanton.com/wp-content/uploads/2024/08/Amarok-768x512.jpg"
"https://tunedbyanton.com/dyno-results/honda-integra-dc2/","https://tunedbyanton.com/wp-content/uploads/2022/04/Integra-DC2-768x570.jpg"
"https://tunedbyanton.com/dyno-results/audi-a4-b9-2-0-stage1/","https://tunedbyanton.com/wp-content/uploads/2022/11/A4-B9-768x512.jpg"
"https://tunedbyanton.com/dyno-results/toyota-hilux-n80-stage-1-2/","https://tunedbyanton.com/wp-content/uploads/2025/09/hilux-768x512.webp"
"https://tunedbyanton.com/dyno-results/landcruiser/","https://tunedbyanton.com/wp-content/uploads/2023/09/Landcruiser-79-768x512.jpg"
"https://tunedbyanton.com/dyno-results/bmw-520d-stage-1-tune/","https://tunedbyanton.com/wp-content/uploads/2024/01/BMW-320d-768x512.jpg"
"https://tunedbyanton.com/dyno-results/18503/","https://tunedbyanton.com/wp-content/uploads/2024/10/i30-nline-2-768x512.webp"
"https://tunedbyanton.com/dyno-results/k24-swap-honda-integra/","https://tunedbyanton.com/wp-content/uploads/2024/09/accord-768x512.jpg"
"https://tunedbyanton.com/dyno-results/toyota-hilux-3uzfe-swap/","https://tunedbyanton.com/wp-content/uploads/2024/09/hilux3uzfe-3-768x512.jpg"
"https://tunedbyanton.com/dyno-results/holden-colorado-stage-1/","https://tunedbyanton.com/wp-content/uploads/2023/04/Colorado-768x576.jpg"
"https://tunedbyanton.com/dyno-results/hyundai-i30-nline-stage-1-tune/","https://tunedbyanton.com/wp-content/uploads/2025/07/i30nline-768x512.webp"
"https://tunedbyanton.com/dyno-results/holden-rodeo-2-8/","https://tunedbyanton.com/wp-content/uploads/2022/07/Colorado-768x512.jpg"
"https://tunedbyanton.com/dyno-results/toyota-landcruiser-stage3/","https://tunedbyanton.com/wp-content/uploads/2024/12/Landcruiser-768x512.webp"
"https://tunedbyanton.com/dyno-results/nissan-navara-np300-stage-2-2/","https://tunedbyanton.com/wp-content/uploads/2025/10/erhan.webp"
"https://tunedbyanton.com/dyno-results/nissan-patrol-y61-zd30/","https://tunedbyanton.com/wp-content/uploads/2022/10/Patrol-768x512.jpg"
"https://tunedbyanton.com/dyno-results/navara-np300-stage-2/","https://tunedbyanton.com/wp-content/uploads/2022/11/NP3002-768x512.jpg"
"https://tunedbyanton.com/dyno-results/subaru-brz/","https://tunedbyanton.com/wp-content/uploads/2022/04/BRZ-768x512.jpg"
"https://tunedbyanton.com/dyno-results/nissan-navara-d40-stage-1/","https://tunedbyanton.com/wp-content/uploads/2023/07/Navara-D40-768x512.jpg"
"https://tunedbyanton.com/dyno-results/volkswagen-amarok-2lt/","https://tunedbyanton.com/wp-content/uploads/2022/07/Amarok-2lt-768x512.jpg"
"https://tunedbyanton.com/dyno-results/volkswagen-golf-gtd-stage1-tune/","https://tunedbyanton.com/wp-content/uploads/2025/02/gtd2-768x1024.webp"
"https://tunedbyanton.com/dyno-results/volkswagen-golf-gtd/","https://tunedbyanton.com/wp-content/uploads/2022/04/Golf-GTD-768x512.jpg"
"https://tunedbyanton.com/dyno-results/volkswagen-amarok/","https://tunedbyanton.com/wp-content/uploads/2022/04/amarokedit-768x512.jpg"
"https://tunedbyanton.com/dyno-results/nissan-navara-d40-stage-3/","https://tunedbyanton.com/wp-content/uploads/2023/03/navara-d40-768x1152.jpg"
"https://tunedbyanton.com/dyno-results/toyota-hilux-n70-ecu-tune/","https://tunedbyanton.com/wp-content/uploads/2025/08/hilux-768x512.webp"
"https://tunedbyanton.com/dyno-results/bmw-m3-e30/","https://tunedbyanton.com/wp-content/uploads/2022/08/M3-E30-768x512.jpg"
"https://tunedbyanton.com/dyno-results/toyota-hilux-trd/","https://tunedbyanton.com/wp-content/uploads/2022/04/Hilux-TRD-scaled-1-768x512.jpg"
"https://tunedbyanton.com/dyno-results/bmw-325i-e30/","https://tunedbyanton.com/wp-content/uploads/2023/09/325i-e30-768x512.jpg"
"https://tunedbyanton.com/dyno-results/mitsubishi-triton-stage-2-4d56/","https://tunedbyanton.com/wp-content/uploads/2024/04/Triton-768x512.jpg"
"https://tunedbyanton.com/dyno-results/hilux-stage-2/","https://tunedbyanton.com/wp-content/uploads/2024/06/hilux-768x512.jpg"
"https://tunedbyanton.com/dyno-results/toyota-hilux/","https://tunedbyanton.com/wp-content/uploads/2022/04/Hilux-768x512.jpg"
"https://tunedbyanton.com/dyno-results/toyota-hilux-n80-stage-1/","https://tunedbyanton.com/wp-content/uploads/2025/05/Hiluxn80-768x512.webp"
"https://tunedbyanton.com/dyno-results/austin-healey-100-6/","https://tunedbyanton.com/wp-content/uploads/2022/05/AustinHealey100-1-768x512.jpg"
"https://tunedbyanton.com/dyno-results/ford-focus-1-5lt/","https://tunedbyanton.com/wp-content/uploads/2022/04/focus1.5lt-ecoboost-768x512.jpg"
"https://tunedbyanton.com/dyno-results/mazda-mx5-nc/","https://tunedbyanton.com/wp-content/uploads/2022/04/MX5NC-768x512.jpg"
"https://tunedbyanton.com/dyno-results/toyota-hilux-stage-1-tune-stock/","https://tunedbyanton.com/wp-content/uploads/2023/02/hilux-768x512.jpg"
"https://tunedbyanton.com/dyno-results/nissan-navara-d22-stage3/","https://tunedbyanton.com/wp-content/uploads/2022/10/Navara-D22-768x512.jpg"
"https://tunedbyanton.com/dyno-results/amarok-2lt-stage-2/","https://tunedbyanton.com/wp-content/uploads/2024/02/Amarok-768x512.jpg"
"https://tunedbyanton.com/dyno-results/honda-civic-ep3-k24-swapped/","https://tunedbyanton.com/wp-content/uploads/2024/11/civic-768x512.webp"
"https://tunedbyanton.com/dyno-results/volkswagen-passat-alltrack/","https://tunedbyanton.com/wp-content/uploads/2022/06/Passat-Alltrack-B8-768x512.jpg"
"https://tunedbyanton.com/dyno-results/isuzu-mux-stage-1/","https://tunedbyanton.com/wp-content/uploads/2025/10/mux-768x512.webp"
"https://tunedbyanton.com/dyno-results/toyota-supra-mk2/","https://tunedbyanton.com/wp-content/uploads/2023/04/Supra-MK3-2-768x614.jpg"
"https://tunedbyanton.com/dyno-results/honda-accord-cu2/","https://tunedbyanton.com/wp-content/uploads/2022/04/Accord-768x512.jpg"
"https://tunedbyanton.com/dyno-results/toyota-hilux-kun26-100kw/","https://tunedbyanton.com/wp-content/uploads/2024/11/hilux-3-768x512.webp"
"https://tunedbyanton.com/dyno-results/suzuki-swift-stage-2/","https://tunedbyanton.com/wp-content/uploads/2025/10/swift-768x512.webp"
"https://tunedbyanton.com/dyno-results/volkswagen-golf-1-4-tsi-stage-2/","https://tunedbyanton.com/wp-content/uploads/2023/06/Golf-1.4TSI-768x512.jpg"
"https://tunedbyanton.com/dyno-results/suzuki-swift/","https://tunedbyanton.com/wp-content/uploads/2022/05/Suzuki-Swift-768x512.jpg"
"https://tunedbyanton.com/dyno-results/ford-escape-1-5lt-ecoboost-stage-1/","https://tunedbyanton.com/wp-content/uploads/2025/10/escape-768x572.webp"
"https://tunedbyanton.com/dyno-results/toyota-prado-gxl-stage-1/","https://tunedbyanton.com/wp-content/uploads/2024/08/prado-768x512.jpg"
"https://tunedbyanton.com/dyno-results/volkswagen-golf-1-4-tsi-stage-1/","https://tunedbyanton.com/wp-content/uploads/2023/06/Golf-1.4TSI-768x512.jpg"
"https://tunedbyanton.com/dyno-results/nissan-navara-d22-stage3-2/","https://tunedbyanton.com/wp-content/uploads/2022/10/Navara-D22-1-768x512.jpg"
"https://tunedbyanton.com/dyno-results/honda-civic-dtec-stage-3-tune/","https://tunedbyanton.com/wp-content/uploads/2023/02/Civic-Dtec-768x512.jpg"
"https://tunedbyanton.com/dyno-results/toyota-hiace-stage-2/","https://tunedbyanton.com/wp-content/uploads/2022/11/Hiace-768x512.jpg"
"https://tunedbyanton.com/dyno-results/volkswagen-crafter/","https://tunedbyanton.com/wp-content/uploads/2022/04/crafter-768x633.jpg"
"https://tunedbyanton.com/dyno-results/toyota-prado/","https://tunedbyanton.com/wp-content/uploads/2022/04/toyotaprado-768x512.jpg"
"https://tunedbyanton.com/dyno-results/amarok-2lt-stage-2-2/","https://tunedbyanton.com/wp-content/uploads/2024/02/Amarok-1-768x512.jpg"
"https://tunedbyanton.com/dyno-results/toyota-hiace-stage1/","https://tunedbyanton.com/wp-content/uploads/2022/11/Hiace-768x512.jpg"
"https://tunedbyanton.com/dyno-results/volkswagen-kombi/","https://tunedbyanton.com/wp-content/uploads/2025/03/VW-Kombi-3-768x512.webp"